sitecode;typ_chu;nazev_chu;pracoviste;,,
CZ0210175;EVL;lunice - Skochovice;RP SCHKO Kokoøínsko - Máchùv kraj,,;
CZ0624069;EVL;Strabišov - Oulehla;RP Jiní Morava,,;
CZ0620194;EVL;Èepièkùv vrch a údolí Hodonínky;RP Jiní Morava,,;
CZ0710182;EVL;Choryòskı mokøad;RP Olomoucko,,;
CZ0520009;EVL;Perna;RP Vıchodní Èechy,,;
CZ0614134;EVL;Údolí Jihlavy;RP Vysoèina,,;
CZ0210101;EVL;Dymokursko;RP SCHKO Kokoøínsko - Máchùv kraj,,;
CZ0620132;EVL;Údolí Chlébského potoka;RP Jiní Morava,,;
CZ0210731;EVL;Øísnice;RP Støední Èechy,,;
CZ0530033;EVL;Bohdalov;RP Vıchodní Èechy,,;
CZ0514670;EVL;Ronov - Vlhoš;RP SCHKO Kokoøínsko - Máchùv kraj,,;
CZ0413177;EVL;Bystøina - Luní potok;RP SCHKO Slavkovskı les,,;
CZ0424111;EVL;Labské údolí;RP SCHKO Èeské støedohoøí,,;
CZ0420501;EVL;Olšovı potok;RP SCHKO Èeské støedohoøí,,;
CZ0514042;EVL;Jestøebsko - Dokesko;RP SCHKO Kokoøínsko - Máchùv kraj,,;
CZ0310611;EVL;Široké blato;RP Jiní Èechy,,;
CZ0612149;EVL;Suché skály;RP Vysoèina,,;
CZ0310057;EVL;Pohoøí na Šumavì;RP Jiní Èechy,,;
CZ0524044;EVL;Krkonoše;RP Liberecko,,;
CZ0420053;EVL;Rašeliništì U jezera - Cínovecké rašeliništì;RP SCHKO Èeské støedohoøí,,;
CZ0720435;EVL;Podkrálovec;RP SCHKO Bílé Karpaty,,;
CZ0624071;EVL;Oèov;RP Jiní Morava,,;
CZ0710148;EVL;Pøestavlckı les;RP Olomoucko,,;
CZ0314022;EVL;Horní Malše;RP Jiní Èechy,,;
CZ0114001;EVL;Radotínské údolí;RP Støední Èechy,,;
CZ0210003;EVL;Na pramenech;RP Støední Èechy,,;
CZ0210008;EVL;Zámeckı park Liblice;RP SCHKO Kokoøínsko - Máchùv kraj,,;
CZ0210011;EVL;Lounín;RP Støední Èechy,,;
CZ0210022;EVL;Kozí hùra;RP Støední Èechy,,;
CZ0210023;EVL;Pustá seè;RP Støední Èechy,,;
CZ0210027;EVL;Vodìradské buèiny;RP Støední Èechy,,;
CZ0210029;EVL;Zadní Hrádek;RP SCHKO Kokoøínsko - Máchùv kraj,,;
CZ0210034;EVL;Všetatská èernava;RP Støední Èechy,,;
CZ0210044;EVL;Na horách u Køešína;RP Støední Èechy,,;
CZ0210047;EVL;Tøemšín a Høebence;RP Støední Èechy,,;
CZ0210053;EVL;Støední Povltaví u Drbákova;RP Støední Èechy,,;
CZ0210058;EVL;Louky u Budenína;RP Støední Èechy,,;
CZ0210066;EVL;erka;RP SCHKO Kokoøínsko - Máchùv kraj,,;
CZ0210100;EVL;Bílichovské údolí;RP Støední Èechy,,;
CZ0210107;EVL;Krnèí a Voleška;RP Støední Èechy,,;
CZ0210111;EVL;Paterovské stránì;RP SCHKO Kokoøínsko - Máchùv kraj,,;
CZ0210113;EVL;Louky u rybníka Proudnice;RP Støední Èechy,,;
CZ0210118;EVL;V jezírkách;RP Støední Èechy,,;
CZ0210150;EVL;Ètvrtì;RP SCHKO Kokoøínsko - Máchùv kraj,,;
CZ0210704;EVL;Èertova skála;RP Støední Èechy,,;
CZ0210708;EVL;Støíbrnı luh;RP Støední Èechy,,;
CZ0210713;EVL;Polabské hùry;RP SCHKO Kokoøínsko - Máchùv kraj,,;
CZ0210714;EVL;Lovické tùnì;RP Støední Èechy,,;
CZ0210719;EVL;Milèice;RP SCHKO Kokoøínsko - Máchùv kraj,,;
CZ0210720;EVL;Louèeòské rybníèky;RP SCHKO Kokoøínsko - Máchùv kraj,,;
CZ0210726;EVL;Vápnomilnı bor u Líského;RP Støední Èechy,,;
CZ0210729;EVL;Vìtrušické rokle;RP Støední Èechy,,;
CZ0210730;EVL;Písèina u Byšièek;RP SCHKO Kokoøínsko - Máchùv kraj,,;
CZ0210732;EVL;Kalištì;RP Støední Èechy,,;
CZ0210733;EVL;Pahorek u Ledèic;RP Støední Èechy,,;
CZ0212020;EVL;Reèkov;RP SCHKO Kokoøínsko - Máchùv kraj,,;
CZ0212021;EVL;Slatinná louka u Velenky;RP SCHKO Kokoøínsko - Máchùv kraj,,;
CZ0213065;EVL;Na Babì;RP Støední Èechy,,;
CZ0213802;EVL;V hladomoøí;RP Støední Èechy,,;
CZ0214002;EVL;Karlické údolí;RP Støední Èechy,,;
CZ0214008;EVL;Lánská obora;RP Støední Èechy,,;
CZ0214013;EVL;Kokoøínsko;RP SCHKO Kokoøínsko - Máchùv kraj,,;
CZ0214043;EVL;Niva Bìlé u Klokoèky;RP SCHKO Kokoøínsko - Máchùv kraj,,;
CZ0214044;EVL;Kersko;RP SCHKO Kokoøínsko - Máchùv kraj,,;
CZ0214045;EVL;Prameny Klíèavy;RP Støední Èechy,,;
CZ0214046;EVL;Rybník Vidlák;RP Støední Èechy,,;
CZ0214047;EVL;Brda;RP Støední Èechy,,;
CZ0214049;EVL;Písèina u Tuhánì;RP SCHKO Kokoøínsko - Máchùv kraj,,;
CZ0310001;EVL;Fabián - Homolka;RP Jiní Èechy,,;
CZ0310008;EVL;Rybník Rùe;RP Jiní Èechy,,;
CZ0310014;EVL;Libín;RP Jiní Èechy,,;
CZ0310017;EVL;Plánièskı rybník-Bobovec;RP Jiní Èechy,,;
CZ0310022;EVL;Vıøí skály nad Otavou;RP Jiní Èechy,,;
CZ0310032;EVL;Èertova stìna-Luè;RP Jiní Èechy,,;
CZ0310063;EVL;Pastvina u Pøešovic;RP Jiní Èechy,,;
CZ0310070;EVL;Hadí vrch;RP Jiní Èechy,,;
CZ0310073;EVL;Králek;RP Jiní Èechy,,;
CZ0310074;EVL;Osika;RP Jiní Èechy,,;
CZ0310080;EVL;Dvoøištì;RP Jiní Èechy,,;
CZ0310084;EVL;Nerestskı lom;RP Jiní Èechy,,;
CZ0310163;EVL;ofínskı prales - Pivonické skály;RP Jiní Èechy,,;
CZ0310605;EVL;ofinka;RP Jiní Èechy,,;
CZ0310615;EVL;Píseènı pøesyp u Vlkova;RP Jiní Èechy,,;
CZ0310618;EVL;Rybník Motovidlo;RP Jiní Èechy,,;
CZ0310630;EVL;Ïáblík;RP Jiní Èechy,,;
CZ0313128;EVL;Nadìjská soustava;RP Jiní Èechy,,;
CZ0314021;EVL;Borkovická blata;RP Jiní Èechy,,;
CZ0314044;EVL;Opolenec;RP Jiní Èechy,,;
CZ0314635;EVL;Mnišskı rybník;RP Jiní Èechy,,;
CZ0314637;EVL;Rašeliništì u Suchdola;RP Jiní Èechy,,;
CZ0314639;EVL;Rybníky u Lovìtína;RP Jiní Èechy,,;
CZ0314640;EVL;Rybník Walden;RP Jiní Èechy,,;
CZ0314641;EVL;Zlatı potok v Pošumaví;RP Jiní Èechy,,;
CZ0320022;EVL;Švihovské hvozdy;RP SCHKO Èeskı les,,;
CZ0320140;EVL;Chejlava;RP SCHKO Èeskı les,,;
CZ0320437;EVL;Svaté Pole;RP SCHKO Èeskı les,,;
CZ0323159;EVL;Plzeò - Zábìlá;RP SCHKO Èeskı les,,;
CZ0410001;EVL;Tisovec;RP SCHKO Slavkovskı les,,;
CZ0410018;EVL;Jezerskı vrch;RP SCHKO Slavkovskı les,,;
CZ0410020;EVL;Ramena Ohøe;RP SCHKO Slavkovskı les,,;
CZ0410023;EVL;Blaejskı rybník;RP SCHKO Slavkovskı les,,;
CZ0410038;EVL;Mechové údolí;RP SCHKO Slavkovskı les,,;
CZ0410047;EVL;Štítarskı rybník;RP SCHKO Slavkovskı les,,;
CZ0410150;EVL;Soos;RP SCHKO Slavkovskı les,,;
CZ0410176;EVL;Vysokı kámen;RP SCHKO Slavkovskı les,,;
CZ0410404;EVL;Beèovské lesní rybníky;RP SCHKO Slavkovskı les,,;
CZ0410438;EVL;Moèál u Bystøiny;RP SCHKO Slavkovskı les,,;
CZ0414027;EVL;Lomnickı rybník;RP SCHKO Slavkovskı les,,;
CZ0420004;EVL;Vrbka;RP SCHKO Èeské støedohoøí,,;
CZ0420013;EVL;V hlubokém;RP SCHKO Èeské støedohoøí,,;
CZ0420015;EVL;Myslivna;RP SCHKO Èeské støedohoøí,,;
CZ0420021;EVL;Kokrháè - Hasištejn;RP SCHKO Slavkovskı les,,;
CZ0420044;EVL;Evaòská rokle;RP SCHKO Èeské støedohoøí,,;
CZ0420061;EVL;Stránì nad Chomutovkou;RP SCHKO Èeské støedohoøí,,;
CZ0420073;EVL;Údolí Podbradeckého potoka;RP SCHKO Èeské støedohoøí,,;
CZ0420074;EVL;Grünwaldské vøesovištì;RP SCHKO Èeské støedohoøí,,;
CZ0420076;EVL;Na dlouhé stráni;RP SCHKO Èeské støedohoøí,,;
CZ0420083;EVL;Spravedlnost-Chøibská;RP Liberecko,,;
CZ0420171;EVL;Údolí Haèky;RP SCHKO Slavkovskı les,,;
CZ0420416;EVL;Milešovka;RP SCHKO Èeské støedohoøí,,;
CZ0420449;EVL;Sedlo;RP SCHKO Èeské støedohoøí,,;
CZ0420451;EVL;Bohyòská lada, Chmelník, Lotarùv vrch;RP SCHKO Èeské støedohoøí,,;
CZ0420459;EVL;Košálov;RP SCHKO Èeské støedohoøí,,;
CZ0420460;EVL;Tøtìnské stránì;RP SCHKO Èeské støedohoøí,,;
CZ0420500;EVL;Libouchecké buèiny;RP SCHKO Èeské støedohoøí,,;
CZ0420525;EVL;Slanisko u Škrle;RP SCHKO Slavkovskı les,,;
CZ0420528;EVL;Klínovecké Krušnohoøí;RP SCHKO Slavkovskı les,,;
CZ0422075;EVL;Boreèskı vrch;RP SCHKO Èeské støedohoøí,,;
CZ0424030;EVL;Bezruèovo údolí;RP SCHKO Slavkovskı les,,;
CZ0424034;EVL;Babinské louky;RP SCHKO Èeské støedohoøí,,;
CZ0424037;EVL;Lovoš;RP SCHKO Èeské støedohoøí,,;
CZ0424038;EVL;Holı vrch u Hlinné;RP SCHKO Èeské støedohoøí,,;
CZ0424134;EVL;Sovice u Brzánek;RP SCHKO Èeské støedohoøí,,;
CZ0424136;EVL;Stránì u Drahobuzi;RP SCHKO Èeské støedohoøí,,;
CZ0424139;EVL;Dobøíòskı háj;RP SCHKO Èeské støedohoøí,,;
CZ0424140;EVL;Louek;RP SCHKO Èeské støedohoøí,,;
CZ0510191;EVL;Prùlom Jizery u Rakous;RP Liberecko,,;
CZ0510441;EVL;Binov - Bobøí soutìska;RP SCHKO Èeské støedohoøí,,;
CZ0510509;EVL;Jezevèí vrch;RP Liberecko,,;
CZ0514041;EVL;Suchı vrch - Nadìje;RP Liberecko,,;
CZ0514243;EVL;Velkı a Malı Bezdìz;RP SCHKO Kokoøínsko - Máchùv kraj,,;
CZ0514667;EVL;Západní jeskynì;RP Liberecko,,;
CZ0514668;EVL;Vápenice - Basa;RP Liberecko,,;
CZ0514669;EVL;Poselskı a Mariánskı rybník;RP SCHKO Kokoøínsko - Máchùv kraj,,;
CZ0520008;EVL;Kamenná;RP Vıchodní Èechy,,;
CZ0520020;EVL;Hrádeèek;RP Vıchodní Èechy,,;
CZ0520022;EVL;Miletínská baantnice;RP Vıchodní Èechy,,;
CZ0520028;EVL;Babièèino údolí - Rızmburk;RP Vıchodní Èechy,,;
CZ0520507;EVL;Kozínek;RP Vıchodní Èechy,,;
CZ0520508;EVL;Stárkovské buèiny;RP Vıchodní Èechy,,;
CZ0520511;EVL;altman;RP Vıchodní Èechy,,;
CZ0520604;EVL;Zdobnice - Øíèka;RP Vıchodní Èechy,,;
CZ0524047;EVL;Peklo;RP Vıchodní Èechy,,;
CZ0524048;EVL;Byšièky;RP Vıchodní Èechy,,;
CZ0524050;EVL;Halín;RP Vıchodní Èechy,,;
CZ0530027;EVL;Psí kuchynì;RP Vıchodní Èechy,,;
CZ0530028;EVL;Vadìtín - Lanšperk;RP Vıchodní Èechy,,;
CZ0530034;EVL;Moravská Sázava;RP Vıchodní Èechy,,;
CZ0530064;EVL;Mazurovy chalupy;RP Vıchodní Èechy,,;
CZ0530149;EVL;Rychnovskı vrch;RP Vıchodní Èechy,,;
CZ0530502;EVL;Semínskı pøesyp;RP Vıchodní Èechy,,;
CZ0610005;EVL;U Hamrù;RP Vysoèina,,;
CZ0610030;EVL;Doupskı a Baantka;RP Vysoèina,,;
CZ0610056;EVL;Švaøec;RP Vysoèina,,;
CZ0610145;EVL;Hroznìtínská louka a olšina;RP Vysoèina,,;
CZ0610401;EVL;ákova hora;RP Vysoèina,,;
CZ0610512;EVL;Lunı rybník;RP Vysoèina,,;
CZ0610518;EVL;Opatovské zákopy;RP Vysoèina,,;
CZ0612135;EVL;Hodíškovskı rybník;RP Vysoèina,,;
CZ0612143;EVL;Rybník u Zadního Zhoøce;RP Vysoèina,,;
CZ0614132;EVL;Kamenickı rybník;RP Vysoèina,,;
CZ0614133;EVL;Kozének;RP Vysoèina,,;
CZ0620002;EVL;Èlupy;RP Jiní Morava,,;
CZ0620003;EVL;Dyjské svahy;RP Jiní Morava,,;
CZ0620004;EVL;Fládnitzské vøesovištì;RP Jiní Morava,,;
CZ0620007;EVL;Kamenná hora u Derflic;RP Jiní Morava,,;
CZ0620009;EVL;Lednické rybníky;RP Jiní Morava,,;
CZ0620011;EVL;Nové hory;RP Jiní Morava,,;
CZ0620013;EVL;Pod Šibenièním kopcem;RP Jiní Morava,,;
CZ0620020;EVL;Mašovická støelnice;RP Jiní Morava,,;
CZ0620051;EVL;Šlapanické slepence;RP Jiní Morava,,;
CZ0620055;EVL;Vrbickı hájek;RP Jiní Morava,,;
CZ0620056;EVL;Vırovické kopce;RP Jiní Morava,,;
CZ0620101;EVL;Mikulovickı les;RP Jiní Morava,,;
CZ0620103;EVL;Vìteøovská vrchovina;RP Jiní Morava,,;
CZ0620147;EVL;Miroslavské kopce;RP Jiní Morava,,;
CZ0620154;EVL;Naèeratickı kopec;RP Jiní Morava,,;
CZ0620162;EVL;Jeèmeništì;RP Jiní Morava,,;
CZ0620181;EVL;Valtrovickı luh;RP Jiní Morava,,;
CZ0620191;EVL;Sokolí skála;RP Jiní Morava,,;
CZ0620204;EVL;Lapikus;RP Jiní Morava,,;
CZ0620416;EVL;Jaroslavické komory;RP Jiní Morava,,;
CZ0620417;EVL;Kobylská skála;RP Jiní Morava,,;
CZ0620418;EVL;Hluboké louky;RP Jiní Morava,,;
CZ0620419;EVL;Na Adamcích;RP Jiní Morava,,;
CZ0620421;EVL;Damboøickı les;RP Jiní Morava,,;
CZ0622009;EVL;Hovoranské louky;RP Jiní Morava,,;
CZ0622169;EVL;Na Kocourkách;RP Jiní Morava,,;
CZ0622217;EVL;Stepní stránì u Komoøan;RP Jiní Morava,,;
CZ0623030;EVL;Vrboveckı rybník;RP Jiní Morava,,;
CZ0624001;EVL;Meandry Dyje;RP Jiní Morava,,;
CZ0624020;EVL;Stránská skála;RP Jiní Morava,,;
CZ0624065;EVL;Kvìtnice;RP Jiní Morava,,;
CZ0624101;EVL;Kuntínov;RP Jiní Morava,,;
CZ0624102;EVL;Slanisko u Nesytu;RP Jiní Morava,,;
CZ0624118;EVL;Skalky u Havraníkù;RP Jiní Morava,,;
CZ0624132;EVL;Údolí Svitavy;RP Jiní Morava,,;
CZ0624236;EVL;Jiní svahy Hádù;RP Jiní Morava,,;
CZ0710004;EVL;Pod Trlinou;RP Olomoucko,,;
CZ0714771;EVL;Hùrka u Hranic;RP Olomoucko,,;
CZ0720016;EVL;Kováøùv leb - Obora;RP SCHKO Bílé Karpaty,,;
CZ0720058;EVL;Nad Kašavou;RP SCHKO Bílé Karpaty,,;
CZ0720190;EVL;Ondøejovsko;RP SCHKO Bílé Karpaty,,;
CZ0720192;EVL;Velká Vela;RP SCHKO Bílé Karpaty,,;
CZ0720420;EVL;Rudickı les;RP SCHKO Bílé Karpaty,,;
CZ0720441;EVL;Bílé potoky;RP SCHKO Bílé Karpaty,,;
CZ0720454;EVL;Jalovcová;RP SCHKO Bílé Karpaty,,;
CZ0810014;EVL;Pstruí potok;RP Olomoucko,,;
CZ0813439;EVL;Dìhylovskı potok - Štìpán;RP Moravskoslezské,,;
CZ0414127;EVL;Hradištì;RP SCHKO Slavkovskı les,,;
CZ0424125;EVL;Doupovské hory;RP SCHKO Slavkovskı les,,;
CZ0414110;EVL;Krušnohorské plató;RP SCHKO Slavkovskı les,,;
CZ0320005;EVL;V Úlièkách;RP Støední Èechy,,;
CZ0323145;EVL;Bradava;RP SCHKO Èeskı les,,;
CZ0213009;EVL;Vlašimská Blanice;RP Støední Èechy,,;
CZ0214016;EVL;elivka;RP Støední Èechy,,;
CZ0613321;EVL;Jankovskı potok;RP Vysoèina,,;
CZ0312038;EVL;Lomnickı velkı rybník;RP Jiní Èechy,,;
CZ0311033;PO;Tøeboòsko;RP Jiní Èechy,,;
CZ0312040;EVL;Malı Horusickı rybník;RP Jiní Èechy,,;
CZ0312048;EVL;Štièí rybník;RP Jiní Èechy,,;
CZ0311039;PO;Novohradské hory;RP Jiní Èechy,,;
CZ0314019;EVL;Velkı a Malı Tisı;RP Jiní Èechy,,;
CZ0314109;EVL;Ruda;RP Jiní Èechy,,;
CZ0314124;EVL;Blanskı les;RP Jiní Èechy,,;
CZ0315005;EVL;Øeabinec;RP Jiní Èechy,,;
CZ0310610;EVL;Èervené blato;RP Jiní Èechy,,;
CZ0313004;EVL;Terèino údolí;RP Jiní Èechy,,;
CZ0313097;EVL;Cepská pískovna a okolí;RP Jiní Èechy,,;
CZ0313098;EVL;Hliníø - Ponìdráka;RP Jiní Èechy,,;
CZ0313101;EVL;Krvavı a Kaèleskı rybník;RP Jiní Èechy,,;
CZ0313106;EVL;Lunice a Neárka;RP Jiní Èechy,,;
CZ0313123;EVL;Stropnice;RP Jiní Èechy,,;
CZ0313129;EVL;Purkrabskı rybník a Toèník;RP Jiní Èechy,,;
CZ0313131;EVL;Tøeboò;RP Jiní Èechy,,;
CZ0313141;EVL;ofina Hu;RP Jiní Èechy,,;
CZ0314634;EVL;Chınovská jeskynì;RP Jiní Èechy,,;
CZ0314648;EVL;Kocelovické pastviny;RP Jiní Èechy,,;
CZ0311035;PO;Øeabinec;RP Jiní Èechy,,;
CZ0314023;EVL;Tøeboòsko - støed;RP Jiní Èechy,,;
CZ0621028;PO;Lednické rybníky;RP Jiní Morava,,;
CZ0621029;PO;Pálava;RP Jiní Morava,,;
CZ0621027;PO;Soutok-Tvrdonicko;RP Jiní Morava,,;
CZ0622218;EVL;Dunajovické kopce;RP Jiní Morava,,;
CZ0624043;EVL;Stolová hora;RP Jiní Morava,,;
CZ0624060;EVL;Pouzdøanská step - Kolby;RP Jiní Morava,,;
CZ0624070;EVL;Hodonínská doubrava;RP Jiní Morava,,;
CZ0624098;EVL;Turold;RP Jiní Morava,,;
CZ0624104;EVL;Dìvín;RP Jiní Morava,,;
CZ0624128;EVL;Krumlovsko-rokytenské slepence;RP Jiní Morava,,;
CZ0624130;EVL;Moravskı kras;RP Jiní Morava,,;
CZ0624234;EVL;Svatı kopeèek u Mikulova;RP Jiní Morava,,;
CZ0620018;EVL;Vìtrníky;RP Jiní Morava,,;
CZ0620024;EVL;Váté písky;RP Jiní Morava,,;
CZ0623045;EVL;Rendezvous;RP Jiní Morava,,;
CZ0623781;EVL;Klentnice - kostel svatého Jiøí;RP Jiní Morava,,;
CZ0624062;EVL;Èerneckı a Milonickı hájek;RP Jiní Morava,,;
CZ0624099;EVL;Niva Dyje;RP Jiní Morava,,;
CZ0624100;EVL;Milovickı les;RP Jiní Morava,,;
CZ0624114;EVL;Pøední kout;RP Jiní Morava,,;
CZ0624119;EVL;Soutok - Podluí;RP Jiní Morava,,;
CZ0623819;EVL;Øeka Rokytná;RP Jiní Morava,,;
CZ0511008;PO;Jizerské hory;RP Liberecko,,;
CZ0521009;PO;Krkonoše;RP Liberecko,,;
CZ0621025;PO;Bzenecká Doubrava - Stránické Pomoraví;RP Jiní Morava,,;
CZ0212006;EVL;Drhleny;RP Liberecko,,;
CZ0214012;EVL;Pøíhrazské skály;RP Liberecko,,;
CZ0214025;EVL;Údolí Plakánek;RP Liberecko,,;
CZ0510508;EVL;Klíè;RP Liberecko,,;
CZ0523677;EVL;Kost;RP Liberecko,,;
CZ0513663;EVL;Podhájí - chalupa;RP Liberecko,,;
CZ0513666;EVL;Jeskynì Sklepy pod Troskami;RP Liberecko,,;
CZ0420082;EVL;Studenec;RP Liberecko,,;
CZ0420507;EVL;Údolí Chøibské Kamenice;RP Liberecko,,;
CZ0423652;EVL;Chøibská - kostel;RP Liberecko,,;
CZ0510400;EVL;Jizerskohorské buèiny;RP Liberecko,,;
CZ0510402;EVL;Rašeliništì Jizerky;RP Liberecko,,;
CZ0510403;EVL;Quarré;RP Liberecko,,;
CZ0510408;EVL;Smìdava;RP Liberecko,,;
CZ0510412;EVL;Jizerské smrèiny;RP Liberecko,,;
CZ0513249;EVL;Prácheò - Zicht;RP Liberecko,,;
CZ0513657;EVL;Bílá Desná - kanál protrené pøehrady;RP Liberecko,,;
CZ0510405;EVL;Bukovec;RP Liberecko,,;
CZ0513509;EVL;Svitavka;RP Liberecko,,;
CZ0420520;EVL;Luickohorské buèiny;RP Liberecko,,;
CZ0510415;EVL;Rašeliništì Jizery;RP Liberecko,,;
CZ0514113;EVL;Podtrosecká údolí;RP Liberecko,,;
CZ0714085;EVL;Morava - Chropyòskı luh;RP Olomoucko,,;
CZ0724089;EVL;Beskydy;RP Moravskoslezské,,;
CZ0810004;EVL;Niva Morávky;RP Moravskoslezské,,;
CZ0810032;EVL;Ptaèí hora;RP Moravskoslezské,,;
CZ0810036;EVL;Štramberk;RP Moravskoslezské,,;
CZ0813438;EVL;Cihelna Kunín;RP Moravskoslezské,,;
CZ0813474;EVL;Údolí Moravice;RP Moravskoslezské,,;
CZ0814092;EVL;Poodøí;RP Moravskoslezské,,;
CZ0811020;PO;Poodøí;RP Moravskoslezské,,;
CZ0811022;PO;Beskydy;RP Moravskoslezské,,;
CZ0721023;PO;Horní Vsacko;RP Moravskoslezské,,;
CZ0711018;PO;Litovelské Pomoraví;RP Olomoucko,,;
CZ0712186;EVL;Hrdiboøické rybníky;RP Olomoucko,,;
CZ0712225;EVL;Za hrnèíøkou;RP Olomoucko,,;
CZ0714076;EVL;Kosíø - Lomy;RP Olomoucko,,;
CZ0714077;EVL;Pradìd;RP Olomoucko,,;
CZ0713722;EVL;Branná - hrad;RP Olomoucko,,;
CZ0713730;EVL;Na Špièáku;RP Olomoucko,,;
CZ0714073;EVL;Litovelské Pomoraví;RP Olomoucko,,;
CZ0714075;EVL;Keprník;RP Olomoucko,,;
CZ0714078;EVL;Rabštejn;RP Olomoucko,,;
CZ0714080;EVL;Špranìk;RP Olomoucko,,;
CZ0714081;EVL;Rejvíz;RP Olomoucko,,;
CZ0714082;EVL;Beèva - ebraèka;RP Olomoucko,,;
CZ0715024;EVL;Šumárník;RP Olomoucko,,;
CZ0715025;EVL;Údolí Malínského potoka;RP Olomoucko,,;
CZ0810018;EVL;Sovinec;RP Olomoucko,,;
CZ0813445;EVL;Heømanovice;RP Olomoucko,,;
CZ0813450;EVL;Karlova Studánka;RP Olomoucko,,;
CZ0813468;EVL;Sokolí potok;RP Olomoucko,,;
CZ0813472;EVL;Suchá Rudná - zlatı lom;RP Olomoucko,,;
CZ0813763;EVL;Javorovı vrch;RP Olomoucko,,;
CZ0813765;EVL;Štola Franz - Franz;RP Olomoucko,,;
CZ0530146;EVL;Králickı Snìník;RP Olomoucko,,;
CZ0711017;PO;Jeseníky;RP Olomoucko,,;
CZ0714086;EVL;Rychlebské hory - Sokolskı høbet;RP Olomoucko,,;
CZ0424031;EVL;Èeské Švıcarsko;RP SCHKO Èeské støedohoøí,,;
CZ0423507;EVL;Horní Kamenice;RP SCHKO Èeské støedohoøí,,;
CZ0722198;EVL;Hodòovská dolina;RP SCHKO Bílé Karpaty,,;
CZ0722199;EVL;Hrušová dolina;RP SCHKO Bílé Karpaty,,;
CZ0720422;EVL;Valy-Buèník;RP SCHKO Bílé Karpaty,,;
CZ0720437;EVL;Valentová;RP SCHKO Bílé Karpaty,,;
CZ0723421;EVL;Remízy u Bánova;RP SCHKO Bílé Karpaty,,;
CZ0723751;EVL;Komòa - kostel;RP SCHKO Bílé Karpaty,,;
CZ0723756;EVL;Slavièín - kostel;RP SCHKO Bílé Karpaty,,;
CZ0723757;EVL;Slavièín - zámek;RP SCHKO Bílé Karpaty,,;
CZ0720428;EVL;Na Koncoch;RP SCHKO Bílé Karpaty,,;
CZ0724090;EVL;Bílé Karpaty;RP SCHKO Bílé Karpaty,,;
CZ0624072;EVL;Èertoryje;RP SCHKO Bílé Karpaty,,;
CZ0724430;EVL;Vlárskı prùsmyk;RP SCHKO Bílé Karpaty,,;
CZ0723434;EVL;Vlára;RP SCHKO Bílé Karpaty,,;
CZ0421006;PO;Labské pískovce;RP SCHKO Èeské støedohoøí,,;
CZ0513505;EVL;Dolní Plouènice;RP SCHKO Èeské støedohoøí,,;
CZ0420454;EVL;Lipská hora;RP SCHKO Èeské støedohoøí,,;
CZ0422077;EVL;Kleneè;RP SCHKO Èeské støedohoøí,,;
CZ0424039;EVL;Oblík - Srdov - Brník;RP SCHKO Èeské støedohoøí,,;
CZ0424129;EVL;Bílé stránì u Litomìøic;RP SCHKO Èeské støedohoøí,,;
CZ0423198;EVL;Bezejmennı pøítok Trojhorského potoka;RP SCHKO Èeské støedohoøí,,;
CZ0423202;EVL;Bøezina;RP SCHKO Èeské støedohoøí,,;
CZ0423206;EVL;Dobrná;RP SCHKO Èeské støedohoøí,,;
CZ0423212;EVL;Hoøenec - Èíèov;RP SCHKO Èeské støedohoøí,,;
CZ0423219;EVL;Luèní potok - Tøebušín;RP SCHKO Èeské støedohoøí,,;
CZ0420026;EVL;Boøeò;RP SCHKO Èeské støedohoøí,,;
CZ0420165;EVL;Velkı vrch - Èernodoly;RP SCHKO Èeské støedohoøí,,;
CZ0420406;EVL;Køíové vršky, Malı vrch, Šibeník;RP SCHKO Èeské støedohoøí,,;
CZ0420455;EVL;Lhota;RP SCHKO Èeské støedohoøí,,;
CZ0420456;EVL;Ostrı;RP SCHKO Èeské støedohoøí,,;
CZ0420462;EVL;Plešivec;RP SCHKO Èeské støedohoøí,,;
CZ0423001;EVL;Huníkovskı potok;RP SCHKO Èeské støedohoøí,,;
CZ0423224;EVL;Ploskovice;RP SCHKO Èeské støedohoøí,,;
CZ0423225;EVL;Radobıl;RP SCHKO Èeské støedohoøí,,;
CZ0423227;EVL;Sinutec - Dlouhı kopec;RP SCHKO Èeské støedohoøí,,;
CZ0423233;EVL;Vrch Milá;RP SCHKO Èeské støedohoøí,,;
CZ0423236;EVL;Všechlapy - Kamık;RP SCHKO Èeské støedohoøí,,;
CZ0424033;EVL;Raná - Hrádek;RP SCHKO Èeské støedohoøí,,;
CZ0424141;EVL;Porta Bohemica;RP SCHKO Èeské støedohoøí,,;
CZ0424127;EVL;Vıchodní Krušnohoøí;RP SCHKO Èeské støedohoøí,,;
CZ0320029;EVL;Chlumská stráò;RP SCHKO Èeskı les,,;
CZ0322058;EVL;Pastvištì u Fínù;RP SCHKO Èeskı les,,;
CZ0320030;EVL;Haltravskı høeben;RP SCHKO Èeskı les,,;
CZ0323166;EVL;Radbuza - Novı Dvùr - Pila;RP SCHKO Èeskı les,,;
CZ0324026;EVL;Niva Nemanického potoka;RP SCHKO Èeskı les,,;
CZ0320037;EVL;Na poárech;RP SCHKO Èeskı les,,;
CZ0320180;EVL;Èerchovskı les;RP SCHKO Èeskı les,,;
CZ0320043;EVL;Pavlova Hu;RP SCHKO Èeskı les,,;
CZ0323151;EVL;Kateøinskı a Nivní potok;RP SCHKO Èeskı les,,;
CZ0511007;PO;Èeskolipsko - Dokeské pískovce a mokøady;RP SCHKO Kokoøínsko - Máchùv kraj,,;
CZ0211011;PO;ehuòskı rybník - Obora Knìièky;RP SCHKO Kokoøínsko - Máchùv kraj,,;
CZ0513506;EVL;Horní Plouènice;RP SCHKO Kokoøínsko - Máchùv kraj,,;
CZ0512100;EVL;Roverské skály;RP SCHKO Kokoøínsko - Máchùv kraj,,;
CZ0210114;EVL;Radouè;RP SCHKO Kokoøínsko - Máchùv kraj,,;
CZ0210172;EVL;Hrabanovská èernava;RP SCHKO Kokoøínsko - Máchùv kraj,,;
CZ0214006;EVL;Milovice - Mladá;RP SCHKO Kokoøínsko - Máchùv kraj,,;
CZ0423006;EVL;Nebeskı rybníèek u Veselí;RP SCHKO Kokoøínsko - Máchùv kraj,,;
CZ0513255;EVL;Slatinné vrchy;RP SCHKO Kokoøínsko - Máchùv kraj,,;
CZ0214009;EVL;Libické luhy;RP SCHKO Kokoøínsko - Máchùv kraj,,;
CZ0323156;EVL;Mešenskı potok;RP SCHKO Èeskı les,,;
CZ0411002;PO;Doupovské hory;RP SCHKO Slavkovskı les,,;
CZ0421004;PO;Novodomské rašeliništì - Kováøská;RP SCHKO Slavkovskı les,,;
CZ0410414;EVL;Kladské rašeliny;RP SCHKO Slavkovskı les,,;
CZ0412065;EVL;Medvìdí rozhledy;RP SCHKO Slavkovskı les,,;
CZ0412069;EVL;Pramenské pastviny;RP SCHKO Slavkovskı les,,;
CZ0412070;EVL;Raušenbašská lada;RP SCHKO Slavkovskı les,,;
CZ0412071;EVL;Skalka pod Tisovım vrchem;RP SCHKO Slavkovskı les,,;
CZ0414026;EVL;Úpolínová louka - Køíky;RP SCHKO Slavkovskı les,,;
CZ0323638;EVL;Jeskynì Inkù;RP SCHKO Slavkovskı les,,;
CZ0323645;EVL;Štola Vìra;RP SCHKO Slavkovskı les,,;
CZ0410021;EVL;Nadlesí;RP SCHKO Slavkovskı les,,;
CZ0410401;EVL;Krásenské rašeliništì;RP SCHKO Slavkovskı les,,;
CZ0410413;EVL;Kaòon Ohøe;RP SCHKO Slavkovskı les,,;
CZ0413008;EVL;Prameny Teplé;RP SCHKO Slavkovskı les,,;
CZ0413009;EVL;Rankovickı triangl;RP SCHKO Slavkovskı les,,;
CZ0413018;EVL;U hájenky;RP SCHKO Slavkovskı les,,;
CZ0413179;EVL;Podhorní louky;RP SCHKO Slavkovskı les,,;
CZ0413180;EVL;Horní Kramolín - Ovesné;RP SCHKO Slavkovskı les,,;
CZ0413181;EVL;Mokøady u Javorné;RP SCHKO Slavkovskı les,,;
CZ0413182;EVL;U bunkru;RP SCHKO Slavkovskı les,,;
CZ0413184;EVL;Pískovna Erika;RP SCHKO Slavkovskı les,,;
CZ0413187;EVL;Mezi rybníky;RP SCHKO Slavkovskı les,,;
CZ0413188;EVL;Olšová vrata;RP SCHKO Slavkovskı les,,;
CZ0413191;EVL;Na Pilské šachtì;RP SCHKO Slavkovskı les,,;
CZ0413195;EVL;Teplá s pøítoky a Otroèínskı potok;RP SCHKO Slavkovskı les,,;
CZ0420144;EVL;Novodomské a polské rašeliništì;RP SCHKO Slavkovskı les,,;
CZ0214014;EVL;Podlesí;RP Støední Èechy,,;
CZ0214017;EVL;Karlštejn - Koda;RP Støední Èechy,,;
CZ0214037;EVL;Kotız;RP Støední Èechy,,;
CZ0113005;EVL;Lochkovskı profil;RP Støední Èechy,,;
CZ0210028;EVL;Posázavské buèiny;RP Støední Èechy,,;
CZ0210054;EVL;Tok;RP Støední Èechy,,;
CZ0210056;EVL;Trokavecké louky;RP Støední Èechy,,;
CZ0210062;EVL;Teslíny;RP Støední Èechy,,;
CZ0210409;EVL;Kulivá hora;RP Støední Èechy,,;
CZ0210421;EVL;Mramor;RP Støední Èechy,,;
CZ0213050;EVL;Ohrazenickı potok;RP Støední Èechy,,;
CZ0213063;EVL;Rakovník - za koupalištìm;RP Støední Èechy,,;
CZ0213512;EVL;Skoèová - pískovna;RP Støední Èechy,,;
CZ0213610;EVL;Køivoklát - hrad;RP Støední Èechy,,;
CZ0213621;EVL;Štoly Velké Ameriky;RP Støední Èechy,,;
CZ0213626;EVL;Suchomasty - zámeèek;RP Støední Èechy,,;
CZ0213628;EVL;Toèník - hrad;RP Støední Èechy,,;
CZ0213783;EVL;Felbabka;RP Støední Èechy,,;
CZ0213787;EVL;Hrachovištì;RP Støední Èechy,,;
CZ0213790;EVL;Javùrek;RP Støední Èechy,,;
CZ0213818;EVL;Octárna;RP Støední Èechy,,;
CZ0213822;EVL;V Hlinišatech;RP Støední Èechy,,;
CZ0214003;EVL;Zlatı kùò;RP Støední Èechy,,;
CZ0214011;EVL;Tıøov - Oupoøskı potok;RP Støední Èechy,,;
CZ0214015;EVL;Vùznice;RP Støední Èechy,,;
CZ0214039;EVL;Stroupínskı potok;RP Støední Èechy,,;
CZ0214041;EVL;Niva Kotelského potoka;RP Støední Èechy,,;
CZ0214042;EVL;Padrsko;RP Støední Èechy,,;
CZ0320053;EVL;Kohoutov;RP Støední Èechy,,;
CZ0211001;PO;Køivoklátsko;RP Støední Èechy,,;
CZ0213814;EVL;Lednı potok;RP Støední Èechy,,;
CZ0212019;EVL;Smradovna;RP Støední Èechy,,;
CZ0313140;EVL;Závišínskı potok;RP Jiní Èechy,,;
CZ0214050;EVL;ehuòsko;RP SCHKO Kokoøínsko - Máchùv kraj,,;
CZ0531012;PO;Bohdaneèskı rybník;RP Vıchodní Èechy,,;
CZ0521014;PO;Broumovsko;RP Vıchodní Èechy,,;
CZ0533308;EVL;Bohdaneèskı rybník;RP Vıchodní Èechy,,;
CZ0520519;EVL;Adršpašsko-teplické skály;RP Vıchodní Èechy,,;
CZ0520603;EVL;Panskı vrch;RP Vıchodní Èechy,,;
CZ0523014;EVL;Vladivostok;RP Vıchodní Èechy,,;
CZ0525002;EVL;Øeøišnı u Machova;RP Vıchodní Èechy,,;
CZ0530020;EVL;Høebeèovskı høbet;RP Vıchodní Èechy,,;
CZ0524046;EVL;Orlické hory - sever;RP Vıchodní Èechy,,;
CZ0520600;EVL;Trèkov;RP Vıchodní Èechy,,;
CZ0520518;EVL;Broumovské stìny;RP Vıchodní Èechy,,;
CZ0521015;PO;Orlické Záhoøí;RP Vıchodní Èechy,,;
CZ0523280;EVL;Metuje a Døevíè;RP Vıchodní Èechy,,;
CZ0523267;EVL;Zaorlicko;RP Vıchodní Èechy,,;
CZ0614131;EVL;Údolí Oslavy a Chvojnice;RP Vysoèina,,;
CZ0533702;EVL;Louky v Jeníkovì;RP Vysoèina,,;
CZ0610514;EVL;Doubravníèek;RP Vysoèina,,;
CZ0610519;EVL;Ranská jezírka;RP Vysoèina,,;
CZ0612139;EVL;Pod Kamennım vrchem;RP Vysoèina,,;
CZ0614059;EVL;Štíøí dùl - Øeka;RP Vysoèina,,;
CZ0534055;EVL;Ratajské rybníky;RP Vysoèina,,;
CZ0533301;EVL;Údolí Chrudimky;RP Vysoèina,,;
CZ0533685;EVL;Borová u Polièky;RP Vysoèina,,;
CZ0610159;EVL;Velkı Špièák;RP Vysoèina,,;
CZ0610412;EVL;Ransko;RP Vysoèina,,;
CZ0610513;EVL;Suché kopce;RP Vysoèina,,;
CZ0613009;EVL;Niva Fryšávky;RP Vysoèina,,;
CZ0613010;EVL;Údolí Svratky u Krásného;RP Vysoèina,,;
CZ0613318;EVL;Babínskı rybník;RP Vysoèina,,;
CZ0613333;EVL;Stavištì;RP Vysoèina,,;
CZ0613338;EVL;Vetelské rybníky;RP Vysoèina,,;
CZ0613700;EVL;ïár nad Sázavou - garáe;RP Vysoèina,,;
CZ0613809;EVL;Dívka;RP Vysoèina,,;
CZ0614053;EVL;Dáøská rašeliništì;RP Vysoèina,,;
CZ0614136;EVL;Chotáry;RP Vysoèina,,;
CZ0615014;EVL;Louky u Èerného lesa;RP Vysoèina,,;
CZ0610170;EVL;Zhejral;RP Vysoèina,,;
CZ0533296;EVL;Boušovka;RP Vysoèina,,;
CZ0534054;EVL;Hubskı-Strádovka;RP Vysoèina,,;
CZ0533303;EVL;Chrudimka;RP Vysoèina,,;
CZ0533696;EVL;Kochánovické rybníky a tùnì;RP Vysoèina,,;
CZ0534053;EVL;Krkanka-Strádovské peklo;RP Vysoèina,,;
CZ0530500;EVL;Lichnice - Kaòkovy hory;RP Vysoèina,,;
CZ0614137;EVL;Maršálka;RP Vysoèina,,;
CZ0533501;EVL;Slavická obora;RP Vysoèina,,;
CZ0530504;EVL;Zubøí;RP Vysoèina,,;
CZ0622226;EVL;Velkı kopec;RP Jiní Morava,,;
CZ0311034;PO;Údolí Otavy a Vltavy;RP Jiní Èechy,,;
CZ0323812;EVL;Klabava;RP SCHKO Èeskı les,,;
CZ0310010;EVL;Klokoèínské louky;RP Jiní Èechy,,;
CZ0310035;EVL;Vltava Romberk-Vìtøní;RP Jiní Èechy,,;
CZ0312030;EVL;Èistá hora;RP Jiní Èechy,,;
CZ0312032;EVL;Háje;RP Jiní Èechy,,;
CZ0312033;EVL;Hroby;RP Jiní Èechy,,;
CZ0312034;EVL;Jaroškov;RP Jiní Èechy,,;
CZ0311040;PO;Boletice;RP Jiní Èechy,,;
CZ0312036;EVL;Kozlovská stráò;RP Jiní Èechy,,;
CZ0311037;PO;Èeskobudìjovické rybníky;RP Jiní Èechy,,;
CZ0311038;PO;Dehtáø;RP Jiní Èechy,,;
CZ0311036;PO;Hlubocké obory;RP Jiní Èechy,,;
CZ0312045;EVL;Polná;RP Jiní Èechy,,;
CZ0211010;PO;Roïalovické rybníky;RP SCHKO Kokoøínsko - Máchùv kraj,,;
CZ0621026;PO;Hovoransko - Èejkovicko;RP Jiní Morava,,;
CZ0621031;PO;Jaroslavické rybníky;RP Jiní Morava,,;
CZ0621030;PO;Støední nádr vodního díla Nové Mlıny;RP Jiní Morava,,;
CZ0621032;PO;Podyjí;RP Jiní Morava,,;
CZ0813447;EVL;Hukvaldy;RP Moravskoslezské,,;
CZ0810001;EVL;Èervenı kámen;RP Moravskoslezské,,;
CZ0810021;EVL;Libotín;RP Moravskoslezské,,;
CZ0810031;EVL;Palkovické hùrky;RP Moravskoslezské,,;
CZ0810423;EVL;Hnìvošickı háj;RP Moravskoslezské,,;
CZ0810424;EVL;Skuèák;RP Moravskoslezské,,;
CZ0810425;EVL;ermanickı lom;RP Moravskoslezské,,;
CZ0813442;EVL;Dolní Marklovice;RP Moravskoslezské,,;
CZ0813444;EVL;Heømanickı rybník;RP Moravskoslezské,,;
CZ0813448;EVL;Jakartovice;RP Moravskoslezské,,;
CZ0813449;EVL;Jilešovice - Dìhylov;RP Moravskoslezské,,;
CZ0813451;EVL;Karviná - rybníky;RP Moravskoslezské,,;
CZ0813455;EVL;Mokøad u Rondelu;RP Moravskoslezské,,;
CZ0813461;EVL;Šilheøovice;RP Moravskoslezské,,;
CZ0813462;EVL;Øeka Ostravice;RP Moravskoslezské,,;
CZ0813463;EVL;Paskov;RP Moravskoslezské,,;
CZ0813469;EVL;Staré hliništì;RP Moravskoslezské,,;
CZ0813475;EVL;Václavovice - pískovna;RP Moravskoslezské,,;
CZ0813516;EVL;Olše;RP Moravskoslezské,,;
CZ0813760;EVL;Èernı dùl;RP Moravskoslezské,,;
CZ0813764;EVL;Staré Oldøùvky;RP Moravskoslezské,,;
CZ0813766;EVL;Štola Jakartovice;RP Moravskoslezské,,;
CZ0813767;EVL;Záluná;RP Moravskoslezské,,;
CZ0813770;EVL;Èermná - dùl Potlachovı;RP Moravskoslezské,,;
CZ0813460;EVL;Osoblaskı vıbìek;RP Moravskoslezské,,;
CZ0813457;EVL;Niva Olše - Vìøòovice;RP Moravskoslezské,,;
CZ0814093;EVL;Hranièní meandry Odry;RP Moravskoslezské,,;
CZ0813810;EVL;Horní Odra;RP Moravskoslezské,,;
CZ0810035;EVL;Kojetínské vrchy;RP Moravskoslezské,,;
CZ0811021;PO;Heømanskı stav - Odra - Poolší;RP Moravskoslezské,,;
CZ0711016;PO;Králickı Snìník;RP Olomoucko,,;
CZ0711019;PO;Libavá;RP Olomoucko,,;
CZ0421005;PO;Vıchodní Krušné hory;RP SCHKO Èeské støedohoøí,,;
CZ0533314;EVL;Tichá Orlice;RP Vıchodní Èechy,,;
CZ0421003;PO;Nádr vodního díla Nechranice;RP SCHKO Slavkovskı les,,;
CZ0531013;PO;Komárov;RP Vıchodní Èechy,,;
CZ0522002;EVL;Hustíøanskı les;RP Vıchodní Èechy,,;
CZ0522127;EVL;Vraba;RP Vıchodní Èechy,,;
CZ0522129;EVL;Zadní Machová;RP Vıchodní Èechy,,;
CZ0523002;EVL;Hlubokı Kovaè;RP Vıchodní Èechy,,;
CZ0523266;EVL;Slatinná louka u Roudnièky;RP Vıchodní Èechy,,;
CZ0523286;EVL;Rybník Smrkovák;RP Vıchodní Èechy,,;
CZ0523824;EVL;Bìleè - støelnice;RP Vıchodní Èechy,,;
CZ0532131;EVL;U Banínského viaduktu;RP Vıchodní Èechy,,;
CZ0532132;EVL;Støemošická stráò;RP Vıchodní Èechy,,;
CZ0534050;EVL;Èernı Nadımaè;RP Vıchodní Èechy,,;
CZ0537011;EVL;Louky u Pøelouèe;RP Vıchodní Èechy,,;
CZ0533687;EVL;Jeskynì Bìtník;RP Vıchodní Èechy,,;
CZ0533688;EVL;Jeskynì u Horního Újezda;RP Vıchodní Èechy,,;
CZ0533691;EVL;Paøíov;RP Vıchodní Èechy,,;
CZ0533693;EVL;Podolská a Páterova jeskynì;RP Vıchodní Èechy,,;
CZ0533694;EVL;Vranová Lhota;RP Vıchodní Èechy,,;
CZ0533697;EVL;Rybník Strach;RP Vıchodní Èechy,,;
CZ0533698;EVL;Kladruby nad Labem;RP Vıchodní Èechy,,;
CZ0534051;EVL;Anenské údolí;RP Vıchodní Èechy,,;
CZ0534052;EVL;Dolní Chrudimka;RP Vıchodní Èechy,,;
CZ0520030;EVL;Nechanice - Lodín;RP Vıchodní Èechy,,;
CZ0520038;EVL;Èešovské lesy;RP Vıchodní Èechy,,;
CZ0520178;EVL;Bøezinka;RP Vıchodní Èechy,,;
CZ0520184;EVL;Veselskı háj;RP Vıchodní Èechy,,;
CZ0523003;EVL;Rybník Strašidlo;RP Vıchodní Èechy,,;
CZ0523005;EVL;Tuøí rybník;RP Vıchodní Èechy,,;
CZ0523006;EVL;Piletickı a Librantickı potok;RP Vıchodní Èechy,,;
CZ0523007;EVL;Dìdina u Dobrušky;RP Vıchodní Èechy,,;
CZ0523009;EVL;Zámek v Kostelci nad Orlicí;RP Vıchodní Èechy,,;
CZ0523010;EVL;Na Plachtì;RP Vıchodní Èechy,,;
CZ0523011;EVL;Pod Rızmburkem;RP Vıchodní Èechy,,;
CZ0312050;EVL;Úbislav;RP Jiní Èechy,,;
CZ0312226;EVL;Svatı Køí;RP Jiní Èechy,,;
CZ0624068;EVL;Stránická Morava;RP SCHKO Bílé Karpaty,,;
CZ0523264;EVL;Bystøice;RP Vıchodní Èechy,,;
CZ0523265;EVL;Èervená Tøemešná - rybník;RP Vıchodní Èechy,,;
CZ0523268;EVL;Dubno - Èeská Skalice;RP Vıchodní Èechy,,;
CZ0523273;EVL;Javorka a Cidlina - Sbìø;RP Vıchodní Èechy,,;
CZ0523274;EVL;Libosad - obora;RP Vıchodní Èechy,,;
CZ0523275;EVL;Kaèerov;RP Vıchodní Èechy,,;
CZ0523276;EVL;Kanice - lesní rybník;RP Vıchodní Èechy,,;
CZ0523277;EVL;Labe - Hostinné;RP Vıchodní Èechy,,;
CZ0523279;EVL;Lukaveckı potok;RP Vıchodní Èechy,,;
CZ0523282;EVL;Nadslav;RP Vıchodní Èechy,,;
CZ0523283;EVL;Olešnice;RP Vıchodní Èechy,,;
CZ0523284;EVL;Opoèno;RP Vıchodní Èechy,,;
CZ0523288;EVL;Stará Metuje;RP Vıchodní Èechy,,;
CZ0523290;EVL;Tınišské Poorlièí;RP Vıchodní Èechy,,;
CZ0523291;EVL;Uhøínov - Benátky;RP Vıchodní Èechy,,;
CZ0523293;EVL;Víno;RP Vıchodní Èechy,,;
CZ0523669;EVL;Bílá Tøemešná;RP Vıchodní Èechy,,;
CZ0523675;EVL;Jièínìves - zámek;RP Vıchodní Èechy,,;
CZ0523676;EVL;Josefov - pevnost;RP Vıchodní Èechy,,;
CZ0523680;EVL;Pevnost Dobrošov;RP Vıchodní Èechy,,;
CZ0523682;EVL;Staré Hrady - zámek;RP Vıchodní Èechy,,;
CZ0523683;EVL;Štola Portál;RP Vıchodní Èechy,,;
CZ0524045;EVL;Zbytka;RP Vıchodní Èechy,,;
CZ0524049;EVL;Orlice a Labe;RP Vıchodní Èechy,,;
CZ0525001;EVL;Bainy;RP Vıchodní Èechy,,;
CZ0530021;EVL;ernov;RP Vıchodní Èechy,,;
CZ0530037;EVL;Heme-Mıtkov;RP Vıchodní Èechy,,;
CZ0530174;EVL;Lanškrounské rybníky;RP Vıchodní Èechy,,;
CZ0530501;EVL;Brandıs;RP Vıchodní Èechy,,;
CZ0530503;EVL;Litice;RP Vıchodní Èechy,,;
CZ0533002;EVL;Malá Straka;RP Vıchodní Èechy,,;
CZ0314123;EVL;Boletice;RP Jiní Èechy,,;
CZ0210186;EVL;Úpor - Èernínovsko;RP Støední Èechy,,;
CZ0311041;PO;Šumava;RP Jiní Èechy,,;
CZ0533005;EVL;U Pohránovského rybníka;RP Vıchodní Èechy,,;
CZ0533012;EVL;Michnovka-Pravy;RP Vıchodní Èechy,,;
CZ0533295;EVL;Bìstvina;RP Vıchodní Èechy,,;
CZ0533297;EVL;Buky u Vysokého Chvojna;RP Vıchodní Èechy,,;
CZ0314636;EVL;Tejmlov - Nad Zavírkou;RP Jiní Èechy,,;
CZ0314638;EVL;Voseckı rybník;RP Jiní Èechy,,;
CZ0310009;EVL;Velkı Hodonickı rybník;RP Jiní Èechy,,;
CZ0310019;EVL;Zelendárky;RP Jiní Èechy,,;
CZ0310020;EVL;Velkı  a Malı Kamık;RP Jiní Èechy,,;
CZ0310033;EVL;Údolí Lunice a Vlásenického potoka;RP Jiní Èechy,,;
CZ0310067;EVL;Ryšovy;RP Jiní Èechy,,;
CZ0310629;EVL;Blana;RP Jiní Èechy,,;
CZ0313092;EVL;Bedøichovskı potok;RP Jiní Èechy,,;
CZ0313094;EVL;Blatná;RP Jiní Èechy,,;
CZ0313099;EVL;Hlubocké hráze;RP Jiní Èechy,,;
CZ0313103;EVL;Lom Skalka u Sepekova;RP Jiní Èechy,,;
CZ0313110;EVL;Moravská Dyje;RP Jiní Èechy,,;
CZ0313113;EVL;Sokolí hnízdo a baantnice;RP Jiní Èechy,,;
CZ0313114;EVL;Onšovice - Mlıny;RP Jiní Èechy,,;
CZ0313115;EVL;Boukal;RP Jiní Èechy,,;
CZ0313116;EVL;Radomilická mokøina;RP Jiní Èechy,,;
CZ0313119;EVL;Rašeliništì Radlice;RP Jiní Èechy,,;
CZ0313122;EVL;Štìkeò;RP Jiní Èechy,,;
CZ0313125;EVL;Tábor - Zahrádka;RP Jiní Èechy,,;
CZ0313134;EVL;Újezdec;RP Jiní Èechy,,;
CZ0313138;EVL;Vrbenské rybníky;RP Jiní Èechy,,;
CZ0313513;EVL;Rašeliništì Kaplièky;RP Jiní Èechy,,;
CZ0313635;EVL;Kratochvíle - zámek;RP Jiní Èechy,,;
CZ0313805;EVL;Blanice;RP Jiní Èechy,,;
CZ0313815;EVL;Malı Bukaè;RP Jiní Èechy,,;
CZ0313820;EVL;Prachatice - kostel;RP Jiní Èechy,,;
CZ0313824;EVL;Slavonické rybníky;RP Jiní Èechy,,;
CZ0314126;EVL;Hlubocké obory;RP Jiní Èechy,,;
CZ0314642;EVL;Pastvina u Zahorèic;RP Jiní Èechy,,;
CZ0315002;EVL;Dolejší rybník;RP Jiní Èechy,,;
CZ0620005;EVL;Hochberk;RP Jiní Morava,,;
CZ0620412;EVL;Rozsypaná;RP Jiní Morava,,;
CZ0620413;EVL;Vırovy skály;RP Jiní Morava,,;
CZ0620414;EVL;Dobrá studnì;RP Jiní Morava,,;
CZ0622007;EVL;Horky u Milotic;RP Jiní Morava,,;
CZ0622017;EVL;Louky pod Kumstátem;RP Jiní Morava,,;
CZ0622026;EVL;Trkmanské louky;RP Jiní Morava,,;
CZ0622037;EVL;Trkmanec - Rybníèky;RP Jiní Morava,,;
CZ0622142;EVL;Rojetínskı hadec;RP Jiní Morava,,;
CZ0622150;EVL;Biskoupskı kopec;RP Jiní Morava,,;
CZ0622161;EVL;Ve lebì;RP Jiní Morava,,;
CZ0622162;EVL;Kopeèky u Únanova;RP Jiní Morava,,;
CZ0622167;EVL;ebìtín;RP Jiní Morava,,;
CZ0622168;EVL;Mušenice;RP Jiní Morava,,;
CZ0622170;EVL;Na lesní horce;RP Jiní Morava,,;
CZ0622173;EVL;Netopırky;RP Jiní Morava,,;
CZ0622175;EVL;Pekárka;RP Jiní Morava,,;
CZ0622179;EVL;Širokı;RP Jiní Morava,,;
CZ0622181;EVL;Èervené stránì;RP Jiní Morava,,;
CZ0622184;EVL;Visengrunty;RP Jiní Morava,,;
CZ0622219;EVL;Zápovìï u Karlína;RP Jiní Morava,,;
CZ0622221;EVL;Štìpánovskı lom;RP Jiní Morava,,;
CZ0622223;EVL;U kaplièky;RP Jiní Morava,,;
CZ0622224;EVL;U Michálka;RP Jiní Morava,,;
CZ0622227;EVL;Volkramy;RP Jiní Morava,,;
CZ0623010;EVL;Hevlínské jezero;RP Jiní Morava,,;
CZ0623367;EVL;U Huberta;RP Jiní Morava,,;
CZ0624067;EVL;Kamennı vrch;RP Jiní Morava,,;
CZ0624094;EVL;Bosonoskı hájek;RP Jiní Morava,,;
CZ0624097;EVL;Šévy;RP Jiní Morava,,;
CZ0624108;EVL;Zimarky;RP Jiní Morava,,;
CZ0624112;EVL;Špice;RP Jiní Morava,,;
CZ0624115;EVL;Kamennı vrch u Kurdìjova;RP Jiní Morava,,;
CZ0624116;EVL;Špidláky;RP Jiní Morava,,;
CZ0624235;EVL;Malhostovické kopeèky;RP Jiní Morava,,;
CZ0620001;EVL;Bezourek;RP Jiní Morava,,;
CZ0620006;EVL;Kameníky;RP Jiní Morava,,;
CZ0620008;EVL;Klínky;RP Jiní Morava,,;
CZ0620010;EVL;Modøické rameno;RP Jiní Morava,,;
CZ0620014;EVL;Pøední kopaniny;RP Jiní Morava,,;
CZ0620016;EVL;Rašovickı zlom - Chobot;RP Jiní Morava,,;
CZ0620017;EVL;Straèí;RP Jiní Morava,,;
CZ0620031;EVL;Slanisko Dobré Pole;RP Jiní Morava,,;
CZ0620037;EVL;Sivickı les;RP Jiní Morava,,;
CZ0620048;EVL;Skalky u Sedlece;RP Jiní Morava,,;
CZ0620049;EVL;Paví kopec;RP Jiní Morava,,;
CZ0620073;EVL;Bzenecká støelnice;RP Jiní Morava,,;
CZ0620076;EVL;Zøídla u Nesvaèilky;RP Jiní Morava,,;
CZ0620078;EVL;Jezero;RP Jiní Morava,,;
CZ0620084;EVL;Vranovickı a Plaèkùv les;RP Jiní Morava,,;
CZ0620120;EVL;Zlobice;RP Jiní Morava,,;
CZ0620139;EVL;Polámanky;RP Jiní Morava,,;
CZ0620158;EVL;Rumunská baantnice;RP Jiní Morava,,;
CZ0620169;EVL;Ochùzky - Nedánov;RP Jiní Morava,,;
CZ0620177;EVL;Kapánsko;RP Jiní Morava,,;
CZ0620187;EVL;Slanisko Novosedly;RP Jiní Morava,,;
CZ0620245;EVL;Rakovecké údolí;RP Jiní Morava,,;
CZ0620415;EVL;Haluzickı rybník;RP Jiní Morava,,;
CZ0623003;EVL;Bøeclav - kaple u nádraí;RP Jiní Morava,,;
CZ0623004;EVL;Bøeanka a Bøeanskı rybník;RP Jiní Morava,,;
CZ0623011;EVL;Tasovickı lom;RP Jiní Morava,,;
CZ0623016;EVL;Lednice - zámek;RP Jiní Morava,,;
CZ0623018;EVL;Milotice - letištì;RP Jiní Morava,,;
CZ0623019;EVL;Oleksovická mokøina;RP Jiní Morava,,;
CZ0623021;EVL;Píseènı rybník;RP Jiní Morava,,;
CZ0623022;EVL;Pokran;RP Jiní Morava,,;
CZ0623025;EVL;Slavkovskı zámeckı park a aleje;RP Jiní Morava,,;
CZ0623026;EVL;Studánkovı vrch;RP Jiní Morava,,;
CZ0623027;EVL;Šumické rybníky;RP Jiní Morava,,;
CZ0623032;EVL;idlochovickı zámeckı park;RP Jiní Morava,,;
CZ0623034;EVL;Znojmo - Kostel Nalezení sv. køíe;RP Jiní Morava,,;
CZ0623035;EVL;Bílı kopec u Èejèe;RP Jiní Morava,,;
CZ0623040;EVL;Hovoranskı hájek;RP Jiní Morava,,;
CZ0623041;EVL;Jevišovka;RP Jiní Morava,,;
CZ0623329;EVL;Prudká;RP Jiní Morava,,;
CZ0623344;EVL;Podkomorské lesy;RP Jiní Morava,,;
CZ0623345;EVL;Citonice - rybník Skalka;RP Jiní Morava,,;
CZ0623348;EVL;Jankovec;RP Jiní Morava,,;
CZ0623354;EVL;Crhov - Rozsíèka;RP Jiní Morava,,;
CZ0623355;EVL;Lovèickı potok a Jordánek;RP Jiní Morava,,;
CZ0623357;EVL;Mašovickı lom;RP Jiní Morava,,;
CZ0623358;EVL;Horní Mouøínovskı rybník;RP Jiní Morava,,;
CZ0623359;EVL;Èekál;RP Jiní Morava,,;
CZ0623360;EVL;Podmolí - strouha;RP Jiní Morava,,;
CZ0623365;EVL;Rakšické louky;RP Jiní Morava,,;
CZ0623366;EVL;Støelická bainka;RP Jiní Morava,,;
CZ0623368;EVL;Kaolinka;RP Jiní Morava,,;
CZ0623370;EVL;Letištì Marchanice;RP Jiní Morava,,;
CZ0623372;EVL;Lom u erùtek;RP Jiní Morava,,;
CZ0623697;EVL;Doubravník - kostel;RP Jiní Morava,,;
CZ0623701;EVL;Blansko - kostel;RP Jiní Morava,,;
CZ0623702;EVL;Borotín - zámek;RP Jiní Morava,,;
CZ0623703;EVL;Dìdice - kostel;RP Jiní Morava,,;
CZ0623704;EVL;Dlouhá Lhota;RP Jiní Morava,,;
CZ0623707;EVL;Starı zámek Jevišovice;RP Jiní Morava,,;
CZ0623708;EVL;Novı zámek Jevišovice;RP Jiní Morava,,;
CZ0623709;EVL;Køetín - zámek;RP Jiní Morava,,;
CZ0623710;EVL;Køtiny - kostel;RP Jiní Morava,,;
CZ0623713;EVL;Rosice - zámek;RP Jiní Morava,,;
CZ0623717;EVL;Tavíkovice - zámek;RP Jiní Morava,,;
CZ0623718;EVL;Uherèice - zámek;RP Jiní Morava,,;
CZ0623719;EVL;Vranov nad Dyjí - základní škola;RP Jiní Morava,,;
CZ0623772;EVL;Boickı mokøad;RP Jiní Morava,,;
CZ0623775;EVL;Buèovice - zámek;RP Jiní Morava,,;
CZ0623778;EVL;Emin zámeèek;RP Jiní Morava,,;
CZ0623782;EVL;Rybnièní zámeèek;RP Jiní Morava,,;
CZ0623788;EVL;Popice - fara;RP Jiní Morava,,;
CZ0623793;EVL;Úvalskı rybník;RP Jiní Morava,,;
CZ0623798;EVL;Boické rybníky;RP Jiní Morava,,;
CZ0623799;EVL;Drnholeckı luh;RP Jiní Morava,,;
CZ0623800;EVL;Kníecí les;RP Jiní Morava,,;
CZ0623801;EVL;Pøísnotickı les;RP Jiní Morava,,;
CZ0623803;EVL;Bezruèova alej;RP Jiní Morava,,;
CZ0623807;EVL;Hobrtenky;RP Jiní Morava,,;
CZ0623808;EVL;Pisárky;RP Jiní Morava,,;
CZ0623820;EVL;Letištì Medlánky;RP Jiní Morava,,;
CZ0624064;EVL;Krumlovskı les;RP Jiní Morava,,;
CZ0624103;EVL;Mušovskı luh;RP Jiní Morava,,;
CZ0624106;EVL;Tvoøihrázskı les;RP Jiní Morava,,;
CZ0624129;EVL;Luèní údolí;RP Jiní Morava,,;
CZ0624238;EVL;Meandry Jihlavy;RP Jiní Morava,,;
CZ0625020;EVL;Trenckova rokle;RP Jiní Morava,,;
CZ0513240;EVL;Janovické rybníky;RP Liberecko,,;
CZ0513244;EVL;Manušické rybníky;RP Liberecko,,;
CZ0513662;EVL;Lemberk - zámek;RP Liberecko,,;
CZ0513665;EVL;Skalice u Èeské Lípy;RP Liberecko,,;
CZ0513668;EVL;Zdislava - kostel;RP Liberecko,,;
CZ0514672;EVL;Údolí Jizery a Kamenice;RP Liberecko,,;
CZ0515001;EVL;Èervenı rybník;RP Liberecko,,;
CZ0510028;EVL;Ralsko;RP Liberecko,,;
CZ0513237;EVL;Èeská Lípa - mokøad v nivì Šporky;RP Liberecko,,;
CZ0513238;EVL;Cihelenské rybníky;RP Liberecko,,;
CZ0513251;EVL;Rokytka;RP Liberecko,,;
CZ0513254;EVL;Luèní potok;RP Liberecko,,;
CZ0513257;EVL;Strunické rybníky;RP Liberecko,,;
CZ0513508;EVL;Zahrádky;RP Liberecko,,;
CZ0513658;EVL;Èeskı Dub - základní umìlecká škola;RP Liberecko,,;
CZ0712187;EVL;Chrastickı hadec;RP Olomoucko,,;
CZ0712189;EVL;Pod Rudnım vrchem;RP Olomoucko,,;
CZ0712191;EVL;Stráò nad Huskım potokem;RP Olomoucko,,;
CZ0712192;EVL;U Bílıch hlín;RP Olomoucko,,;
CZ0712193;EVL;U Strejèkova lomu;RP Olomoucko,,;
CZ0712197;EVL;ïár;RP Olomoucko,,;
CZ0712226;EVL;Poláchovy stránì - Vıøí skály;RP Olomoucko,,;
CZ0714084;EVL;Hadce a buèiny u Raškova;RP Olomoucko,,;
CZ0710006;EVL;Døevohostickı les;RP Olomoucko,,;
CZ0710007;EVL;Lesy u Bezuchova;RP Olomoucko,,;
CZ0710034;EVL;Lánskı luh;RP Olomoucko,,;
CZ0710161;EVL;Království;RP Olomoucko,,;
CZ0710505;EVL;Brániska;RP Olomoucko,,;
CZ0713004;EVL;Raèinka;RP Olomoucko,,;
CZ0713008;EVL;Deylùv ostrùvek;RP Olomoucko,,;
CZ0713374;EVL;Horní Morava;RP Olomoucko,,;
CZ0713383;EVL;Ohrozim - Horka;RP Olomoucko,,;
CZ0713385;EVL;Píseèná - mokøad;RP Olomoucko,,;
CZ0713388;EVL;Protivanov;RP Olomoucko,,;
CZ0713391;EVL;Tın nad Beèvou;RP Olomoucko,,;
CZ0713394;EVL;Dolní a Prostøední Svrèov;RP Olomoucko,,;
CZ0713397;EVL;Zlaté Hory - Èerné jezero;RP Olomoucko,,;
CZ0713526;EVL;Velká Støelná - štoly;RP Olomoucko,,;
CZ0713720;EVL;Bílá Lhota;RP Olomoucko,,;
CZ0713723;EVL;Èechy pod Kosíøem;RP Olomoucko,,;
CZ0713724;EVL;Èerná Voda - kostel;RP Olomoucko,,;
CZ0713725;EVL;Èerná Voda - kulturní dùm;RP Olomoucko,,;
CZ0713726;EVL;Hanušovice - kostel;RP Olomoucko,,;
CZ0713728;EVL;Chudobín;RP Olomoucko,,;
CZ0713734;EVL;Libina - U Èernuškù;RP Olomoucko,,;
CZ0713735;EVL;Lipová-láznì - mateøská školka;RP Olomoucko,,;
CZ0713736;EVL;Otaslavice - kostel;RP Olomoucko,,;
CZ0713739;EVL;Ruda nad Moravou;RP Olomoucko,,;
CZ0713740;EVL;Sobotín - domov dùchodcù;RP Olomoucko,,;
CZ0713741;EVL;Soudkova štola;RP Olomoucko,,;
CZ0713742;EVL;Štola Marie Pomocná;RP Olomoucko,,;
CZ0713743;EVL;Štola Maøka;RP Olomoucko,,;
CZ0713745;EVL;Velké Losiny - lázeòskı dùm Eliška;RP Olomoucko,,;
CZ0713746;EVL;Veselíèko;RP Olomoucko,,;
CZ0713747;EVL;Vlkoš - statek;RP Olomoucko,,;
CZ0713827;EVL;Stará Èervená Voda - lesní komplex;RP Olomoucko,,;
CZ0714083;EVL;Malı Kosíø;RP Olomoucko,,;
CZ0714772;EVL;Údolí Bystøice;RP Olomoucko,,;
CZ0815031;EVL;Skalské rašeliništì;RP Olomoucko,,;
CZ0622166;EVL;Miliovy louky;RP SCHKO Bílé Karpaty,,;
CZ0622172;EVL;Nad Vápenkou;RP SCHKO Bílé Karpaty,,;
CZ0624066;EVL;Jasenová;RP SCHKO Bílé Karpaty,,;
CZ0722201;EVL;Kobylí hlava;RP SCHKO Bílé Karpaty,,;
CZ0623031;EVL;Vypálenky;RP SCHKO Bílé Karpaty,,;
CZ0623349;EVL;Velickı hliník;RP SCHKO Bílé Karpaty,,;
CZ0623711;EVL;Lipov - kostel;RP SCHKO Bílé Karpaty,,;
CZ0720013;EVL;Babí hora;RP SCHKO Bílé Karpaty,,;
CZ0720033;EVL;Semetín;RP SCHKO Bílé Karpaty,,;
CZ0720153;EVL;Troják;RP SCHKO Bílé Karpaty,,;
CZ0720185;EVL;Rusava - Hoøansko;RP SCHKO Bílé Karpaty,,;
CZ0723007;EVL;Èerák;RP SCHKO Bílé Karpaty,,;
CZ0723012;EVL;Insel;RP SCHKO Bílé Karpaty,,;
CZ0723020;EVL;Údolí Okluky;RP SCHKO Bílé Karpaty,,;
CZ0723024;EVL;Rochus;RP SCHKO Bílé Karpaty,,;
CZ0723401;EVL;Bøeznice u Zlína;RP SCHKO Bílé Karpaty,,;
CZ0723403;EVL;Uhliska;RP SCHKO Bílé Karpaty,,;
CZ0723406;EVL;Chvalèov;RP SCHKO Bílé Karpaty,,;
CZ0723409;EVL;Kurovice - lom;RP SCHKO Bílé Karpaty,,;
CZ0723410;EVL;Mokøad Pumpák;RP SCHKO Bílé Karpaty,,;
CZ0723412;EVL;Mokøad u Slováckıch strojíren;RP SCHKO Bílé Karpaty,,;
CZ0723413;EVL;Ovèírka;RP SCHKO Bílé Karpaty,,;
CZ0723414;EVL;Polichno - Pod duby;RP SCHKO Bílé Karpaty,,;
CZ0723415;EVL;Polichno;RP SCHKO Bílé Karpaty,,;
CZ0723416;EVL;Popovické rybníky;RP SCHKO Bílé Karpaty,,;
CZ0723417;EVL;Pozdìchov;RP SCHKO Bílé Karpaty,,;
CZ0723423;EVL;Skalky;RP SCHKO Bílé Karpaty,,;
CZ0723424;EVL;Stonáè;RP SCHKO Bílé Karpaty,,;
CZ0723425;EVL;Stránì u Popovic;RP SCHKO Bílé Karpaty,,;
CZ0723426;EVL;Støíovice;RP SCHKO Bílé Karpaty,,;
CZ0723430;EVL;Údolí Bánovského potoka;RP SCHKO Bílé Karpaty,,;
CZ0723750;EVL;Jankovice - kostel;RP SCHKO Bílé Karpaty,,;
CZ0723752;EVL;Lideèko - kostel;RP SCHKO Bílé Karpaty,,;
CZ0723753;EVL;Luhaèovice - zámek;RP SCHKO Bílé Karpaty,,;
CZ0723754;EVL;Pozdìchov - kostel;RP SCHKO Bílé Karpaty,,;
CZ0723755;EVL;Rusava - kostel;RP SCHKO Bílé Karpaty,,;
CZ0723758;EVL;Slušovice - kostel;RP SCHKO Bílé Karpaty,,;
CZ0723759;EVL;Štola Sintrová;RP SCHKO Bílé Karpaty,,;
CZ0723813;EVL;Kotrlé;RP SCHKO Bílé Karpaty,,;
CZ0724087;EVL;Újezdeckı les;RP SCHKO Bílé Karpaty,,;
CZ0724107;EVL;Nedakonickı les;RP SCHKO Bílé Karpaty,,;
CZ0724120;EVL;Knìpolskı les;RP SCHKO Bílé Karpaty,,;
CZ0724121;EVL;Nad Jasenkou;RP SCHKO Bílé Karpaty,,;
CZ0724429;EVL;Hostınské vrchy;RP SCHKO Bílé Karpaty,,;
CZ0422079;EVL;Královomlınskı rybník;RP SCHKO Èeské støedohoøí,,;
CZ0422081;EVL;Na spáleništi;RP SCHKO Èeské støedohoøí,,;
CZ0422087;EVL;V kuksu;RP SCHKO Èeské støedohoøí,,;
CZ0423659;EVL;Svìtlík;RP SCHKO Èeské støedohoøí,,;
CZ0424138;EVL;Písteckı les;RP SCHKO Èeské støedohoøí,,;
CZ0423201;EVL;Blšanskı chlum;RP SCHKO Èeské støedohoøí,,;
CZ0423210;EVL;Doubravka;RP SCHKO Èeské støedohoøí,,;
CZ0423211;EVL;Háj u Oseka;RP SCHKO Èeské støedohoøí,,;
CZ0423215;EVL;Kateøina - mokøad;RP SCHKO Èeské støedohoøí,,;
CZ0423216;EVL;Kopistská vısypka;RP SCHKO Èeské støedohoøí,,;
CZ0420007;EVL;Holı vrch;RP SCHKO Èeské støedohoøí,,;
CZ0420008;EVL;Na Èernèí;RP SCHKO Èeské støedohoøí,,;
CZ0420014;EVL;Hora Øíp;RP SCHKO Èeské støedohoøí,,;
CZ0420041;EVL;Skalky u Tøebutièek;RP SCHKO Èeské støedohoøí,,;
CZ0420059;EVL;Stránì u Velkého Újezdu;RP SCHKO Èeské støedohoøí,,;
CZ0420063;EVL;Stroupeè;RP SCHKO Èeské støedohoøí,,;
CZ0420085;EVL;Mokøad pod Terezínskou pevností;RP SCHKO Èeské støedohoøí,,;
CZ0420166;EVL;Velkı rybník;RP SCHKO Èeské støedohoøí,,;
CZ0422084;EVL;Písèiny u Oleška;RP SCHKO Èeské støedohoøí,,;
CZ0423228;EVL;Strádovskı rybník;RP SCHKO Èeské støedohoøí,,;
CZ0423232;EVL;Vrch Hazmburk;RP SCHKO Èeské støedohoøí,,;
CZ0423510;EVL;Ohøe;RP SCHKO Èeské støedohoøí,,;
CZ0423653;EVL;Jílové u Dìèína - škola;RP SCHKO Èeské støedohoøí,,;
CZ0423654;EVL;Lobendava - kostel;RP SCHKO Èeské støedohoøí,,;
CZ0423656;EVL;Úštìk - kostel;RP SCHKO Èeské støedohoøí,,;
CZ0424133;EVL;Stránì nad Suchım potokem;RP SCHKO Èeské støedohoøí,,;
CZ0424135;EVL;Bílé stránì u Štìtí;RP SCHKO Èeské støedohoøí,,;
CZ0322055;EVL;Drahotínskı les;RP SCHKO Èeskı les,,;
CZ0322057;EVL;Maòovickı rybník;RP SCHKO Èeskı les,,;
CZ0322059;EVL;Pohorsko;RP SCHKO Èeskı les,,;
CZ0322060;EVL;Vlkonice;RP SCHKO Èeskı les,,;
CZ0325003;EVL;Netøeb;RP SCHKO Èeskı les,,;
CZ0320013;EVL;Prameništì Pøešínského potoka;RP SCHKO Èeskı les,,;
CZ0320023;EVL;Èepièná;RP SCHKO Èeskı les,,;
CZ0323142;EVL;Berounka;RP SCHKO Èeskı les,,;
CZ0323143;EVL;Blovice;RP SCHKO Èeskı les,,;
CZ0323144;EVL;Bonìtice;RP SCHKO Èeskı les,,;
CZ0323147;EVL;Darmyšl - pískovna;RP SCHKO Èeskı les,,;
CZ0323149;EVL;Kakejcov;RP SCHKO Èeskı les,,;
CZ0323150;EVL;Kamenec;RP SCHKO Èeskı les,,;
CZ0323155;EVL;Lopata;RP SCHKO Èeskı les,,;
CZ0323158;EVL;Osek - rybník Labutinka;RP SCHKO Èeskı les,,;
CZ0323160;EVL;Pocinovice;RP SCHKO Èeskı les,,;
CZ0323161;EVL;Pøešínskı potok;RP SCHKO Èeskı les,,;
CZ0323162;EVL;Pøeštice - V Hlinkách;RP SCHKO Èeskı les,,;
CZ0323163;EVL;Prùhonskı rybník;RP SCHKO Èeskı les,,;
CZ0323164;EVL;Rabí;RP SCHKO Èeskı les,,;
CZ0323165;EVL;Radbuza;RP SCHKO Èeskı les,,;
CZ0323167;EVL;Rokycany - vojenské cvièištì;RP SCHKO Èeskı les,,;
CZ0323169;EVL;Støíbro - vojenské cvièištì;RP SCHKO Èeskı les,,;
CZ0323170;EVL;Zlatı potok;RP SCHKO Èeskı les,,;
CZ0323478;EVL;Tøebıcinka u Bezdìkova;RP SCHKO Èeskı les,,;
CZ0323636;EVL;Dolany - kostel;RP SCHKO Èeskı les,,;
CZ0323637;EVL;Štola Rohatiny I;RP SCHKO Èeskı les,,;
CZ0323639;EVL;Liblín - lihovar;RP SCHKO Èeskı les,,;
CZ0323640;EVL;Manìtín - kostel;RP SCHKO Èeskı les,,;
CZ0323641;EVL;Pøedslav - kostel;RP SCHKO Èeskı les,,;
CZ0323642;EVL;Radnice - kostel;RP SCHKO Èeskı les,,;
CZ0323644;EVL;Štola Loreta;RP SCHKO Èeskı les,,;
CZ0323646;EVL;Støíbro - štoly Dlouhı tah;RP SCHKO Èeskı les,,;
CZ0323647;EVL;Všeruby - kostel;RP SCHKO Èeskı les,,;
CZ0323648;EVL;ihobce - zámek;RP SCHKO Èeskı les,,;
CZ0323824;EVL;Ostruná;RP SCHKO Èeskı les,,;
CZ0323825;EVL;Hadovka;RP SCHKO Èeskı les,,;
CZ0323826;EVL;Dobøany;RP SCHKO Èeskı les,,;
CZ0324025;EVL;Kaòon Støely;RP SCHKO Èeskı les,,;
CZ0324029;EVL;Tìchonická draha;RP SCHKO Èeskı les,,;
CZ0324032;EVL;V Morávkách;RP SCHKO Èeskı les,,;
CZ0325001;EVL;Hrádecká bahna;RP SCHKO Èeskı les,,;
CZ0325002;EVL;Hùrky;RP SCHKO Èeskı les,,;
CZ0210734;EVL;Stránì u Kochánek;RP SCHKO Kokoøínsko - Máchùv kraj,,;
CZ0212022;EVL;Slepeè;RP SCHKO Kokoøínsko - Máchùv kraj,,;
CZ0210064;EVL;Píseènı pøesyp u Píst;RP SCHKO Kokoøínsko - Máchùv kraj,,;
CZ0210109;EVL;Chlum u Nepøevázky;RP SCHKO Kokoøínsko - Máchùv kraj,,;
CZ0210721;EVL;Pìnovce u rybníka Lutovník;RP SCHKO Kokoøínsko - Máchùv kraj,,;
CZ0513659;EVL;Doksy - zámek;RP SCHKO Kokoøínsko - Máchùv kraj,,;
CZ0213006;EVL;Valcha;RP SCHKO Kokoøínsko - Máchùv kraj,,;
CZ0213039;EVL;Labe - Libìchov;RP SCHKO Kokoøínsko - Máchùv kraj,,;
CZ0213048;EVL;Mydlovarskı luh;RP SCHKO Kokoøínsko - Máchùv kraj,,;
CZ0213051;EVL;Oškobrh;RP SCHKO Kokoøínsko - Máchùv kraj,,;
CZ0213600;EVL;Bìlá pod Bezdìzem - zámek;RP SCHKO Kokoøínsko - Máchùv kraj,,;
CZ0213611;EVL;Ledce - hájovna;RP SCHKO Kokoøínsko - Máchùv kraj,,;
CZ0213612;EVL;Louèeò - hotel Jivák;RP SCHKO Kokoøínsko - Máchùv kraj,,;
CZ0213776;EVL;Bezdìèín;RP SCHKO Kokoøínsko - Máchùv kraj,,;
CZ0213794;EVL;Kerské rybníèky;RP SCHKO Kokoøínsko - Máchùv kraj,,;
CZ0420012;EVL;elinskı meandr;RP SCHKO Slavkovskı les,,;
CZ0422085;EVL;Sobìchlebské terasy;RP SCHKO Slavkovskı les,,;
CZ0423203;EVL;Èernovice;RP SCHKO Slavkovskı les,,;
CZ0423213;EVL;Chomutov - zoopark;RP SCHKO Slavkovskı les,,;
CZ0423217;EVL;Krásnı Dvùr;RP SCHKO Slavkovskı les,,;
CZ0410040;EVL;Pernink;RP SCHKO Slavkovskı les,,;
CZ0410046;EVL;Šibenièní vrch;RP SCHKO Slavkovskı les,,;
CZ0410151;EVL;Vladaø;RP SCHKO Slavkovskı les,,;
CZ0410155;EVL;Rudné;RP SCHKO Slavkovskı les,,;
CZ0410168;EVL;Vysoká Pec;RP SCHKO Slavkovskı les,,;
CZ0410439;EVL;Lítovskı mokøad;RP SCHKO Slavkovskı les,,;
CZ0413007;EVL;Prachomety;RP SCHKO Slavkovskı les,,;
CZ0413013;EVL;Mokøady u Tìšetic;RP SCHKO Slavkovskı les,,;
CZ0413014;EVL;Høivínovské pastviny;RP SCHKO Slavkovskı les,,;
CZ0413015;EVL;Louky u Dlouhé Lomnice;RP SCHKO Slavkovskı les,,;
CZ0413017;EVL;U Jedlové;RP SCHKO Slavkovskı les,,;
CZ0413173;EVL;Za Údrèí;RP SCHKO Slavkovskı les,,;
CZ0413174;EVL;Borecké rybníky;RP SCHKO Slavkovskı les,,;
CZ0413185;EVL;Matyáš;RP SCHKO Slavkovskı les,,;
CZ0413190;EVL;Ostrovské rybníky;RP SCHKO Slavkovskı les,,;
CZ0413193;EVL;U sedmi rybníkù;RP SCHKO Slavkovskı les,,;
CZ0413194;EVL;Støela;RP SCHKO Slavkovskı les,,;
CZ0413196;EVL;Tıništì;RP SCHKO Slavkovskı les,,;
CZ0420035;EVL;Na louèkách;RP SCHKO Slavkovskı les,,;
CZ0420069;EVL;Dìtanskı chlum;RP SCHKO Slavkovskı les,,;
CZ0420160;EVL;Podmilesy;RP SCHKO Slavkovskı les,,;
CZ0423223;EVL;Petrohrad;RP SCHKO Slavkovskı les,,;
CZ0423229;EVL;Údlické Doubí;RP SCHKO Slavkovskı les,,;
CZ0423660;EVL;Praská pole;RP SCHKO Slavkovskı les,,;
CZ0424036;EVL;Bìšickı chochol;RP SCHKO Slavkovskı les,,;
CZ0110050;EVL;Prokopské údolí;RP Støední Èechy,,;
CZ0210153;EVL;Zvolská homole;RP Støední Èechy,,;
CZ0212001;EVL;Bøezinskı rybník;RP Støední Èechy,,;
CZ0212004;EVL;Malíkovická stráò;RP Støední Èechy,,;
CZ0212010;EVL;Hvoïanské Háje;RP Støední Èechy,,;
CZ0212023;EVL;Písèina u Tišic;RP Støední Èechy,,;
CZ0212024;EVL;Èervené dolíky;RP Støední Èechy,,;
CZ0212025;EVL;Ostrov u Jedomìlic;RP Støední Èechy,,;
CZ0213072;EVL;Smeèno;RP Støední Èechy,,;
CZ0214010;EVL;Dománovickı les;RP Støední Èechy,,;
CZ0110040;EVL;Chuchelské háje;RP Støední Èechy,,;
CZ0110049;EVL;Havránka a Salabka;RP Støední Èechy,,;
CZ0110142;EVL;Blatov a Xaverovskı háj;RP Støední Èechy,,;
CZ0110154;EVL;Kaòon Vltavy u Sedlce;RP Støední Èechy,,;
CZ0113001;EVL;Obora Hvìzda;RP Støední Èechy,,;
CZ0113002;EVL;Milíèovskı les;RP Støední Èechy,,;
CZ0113773;EVL;Praha - Petøín;RP Støední Èechy,,;
CZ0210010;EVL;Housina;RP Støední Èechy,,;
CZ0210043;EVL;Hradec a Kuchyòka;RP Støední Èechy,,;
CZ0210105;EVL;Kalivodské buèiny;RP Støední Èechy,,;
CZ0210152;EVL;Polabí u Kostelce;RP Støední Èechy,,;
CZ0210173;EVL;Slaná louka u Újezdce;RP Støední Èechy,,;
CZ0213064;EVL;Romitál pod Tøemšínem;RP Støední Èechy,,;
CZ0213068;EVL;Dolní Sázava;RP Støední Èechy,,;
CZ0213069;EVL;Sedleèskı potok;RP Støední Èechy,,;
CZ0213070;EVL;Slánsko - Byseòskı potok;RP Støední Èechy,,;
CZ0213071;EVL;Slavkov;RP Støední Èechy,,;
CZ0213076;EVL;Štìpánovskı potok;RP Støední Èechy,,;
CZ0213078;EVL;Trhovky;RP Støední Èechy,,;
CZ0213081;EVL;Vápenické jezero;RP Støední Èechy,,;
CZ0213082;EVL;Velkı Raputovskı rybník;RP Støední Èechy,,;
CZ0213001;EVL;Novı rybník u Kaèiny;RP Støední Èechy,,;
CZ0213004;EVL;Rybník Starı u Líchov;RP Støední Èechy,,;
CZ0213005;EVL;Šáchovec;RP Støední Èechy,,;
CZ0213013;EVL;Bøeznice - Oblouèek;RP Støední Èechy,,;
CZ0213015;EVL;Dobøíšskı park;RP Støední Èechy,,;
CZ0213016;EVL;Zákolanskı potok;RP Støední Èechy,,;
CZ0213017;EVL;Draská Koupì;RP Støední Èechy,,;
CZ0213023;EVL;Hrdlièka - ïánská hora;RP Støední Èechy,,;
CZ0213028;EVL;Kalivody;RP Støední Èechy,,;
CZ0213029;EVL;Kalspot;RP Støední Èechy,,;
CZ0213038;EVL;Kyšice - Kobyla;RP Støední Èechy,,;
CZ0213042;EVL;Losinskı potok;RP Støední Èechy,,;
CZ0213043;EVL;Tøeštibok;RP Støední Èechy,,;
CZ0213047;EVL;Minartice;RP Støední Èechy,,;
CZ0213058;EVL;Lom na Plachtì;RP Støední Èechy,,;
CZ0213059;EVL;Tøebichovická olšinka;RP Støední Èechy,,;
CZ0213083;EVL;Veltrusy;RP Støední Èechy,,;
CZ0213084;EVL;Vlèkovice - Dubskı rybník;RP Støední Èechy,,;
CZ0213086;EVL;Aglaia;RP Støední Èechy,,;
CZ0213601;EVL;Jungmannova škola v Berounì;RP Støední Èechy,,;
CZ0213602;EVL;Dobøíšskı zámek;RP Støední Èechy,,;
CZ0213613;EVL;Malešov;RP Støední Èechy,,;
CZ0213615;EVL;Štola Jarnice;RP Støední Èechy,,;
CZ0213620;EVL;Štola Moøic;RP Støední Èechy,,;
CZ0213629;EVL;Tınecká rotunda;RP Støední Èechy,,;
CZ0213630;EVL;Vysokı Újezd - kostel;RP Støední Èechy,,;
CZ0213631;EVL;Svatá Dobrotivá;RP Støední Èechy,,;
CZ0213777;EVL;Bohostice;RP Støední Èechy,,;
CZ0213779;EVL;Bøeanské údolí;RP Støední Èechy,,;
CZ0213784;EVL;Horní a Dolní obdìnickı rybník;RP Støední Èechy,,;
CZ0213785;EVL;Horní solopyskı rybník;RP Støední Èechy,,;
CZ0213789;EVL;Jablonná - mokøad;RP Støední Èechy,,;
CZ0213791;EVL;Jezera;RP Støední Èechy,,;
CZ0213792;EVL;Kaèina;RP Støední Èechy,,;
CZ0213796;EVL;Kolín - letištì;RP Støední Èechy,,;
CZ0213817;EVL;Obecnickı potok;RP Støední Èechy,,;
CZ0214005;EVL;Andìlské schody;RP Støední Èechy,,;
CZ0214040;EVL;Louky u Drahlína;RP Støední Èechy,,;
CZ0533300;EVL;Heømanùv Mìstec;RP Vıchodní Èechy,,;
CZ0533302;EVL;Choltická obora;RP Vıchodní Èechy,,;
CZ0533307;EVL;Kunìtická hora;RP Vıchodní Èechy,,;
CZ0533309;EVL;Pardubice - zámek;RP Vıchodní Èechy,,;
CZ0533310;EVL;Hlubokı rybník;RP Vıchodní Èechy,,;
CZ0533312;EVL;Rybník Moøe;RP Vıchodní Èechy,,;
CZ0533316;EVL;Uhersko;RP Vıchodní Èechy,,;
CZ0533684;EVL;Bìstvina - krypta;RP Vıchodní Èechy,,;
CZ0533686;EVL;Bouda u Tìchonína;RP Vıchodní Èechy,,;
CZ0523823;EVL;Luèní potok v Podkrkonoší;RP Vıchodní Èechy,,;
CZ0610515;EVL;Kamennı vrch u Heraltic;RP Vysoèina,,;
CZ0610516;EVL;Hajnice;RP Vysoèina,,;
CZ0610517;EVL;Niva Doubravy;RP Vysoèina,,;
CZ0612134;EVL;Dolní rybník u Újezda;RP Vysoèina,,;
CZ0612136;EVL;Kobylinec;RP Vysoèina,,;
CZ0612137;EVL;Obecník;RP Vysoèina,,;
CZ0612140;EVL;Podvesník;RP Vysoèina,,;
CZ0612141;EVL;Ptáèovskı kopeèek;RP Vysoèina,,;
CZ0612145;EVL;Rychtáøskı rybník;RP Vysoèina,,;
CZ0612147;EVL;Špilberk;RP Vysoèina,,;
CZ0613327;EVL;Nová Øíše;RP Vysoèina,,;
CZ0613335;EVL;U Borovné;RP Vysoèina,,;
CZ0614052;EVL;Rybníky u Rudolce;RP Vysoèina,,;
CZ0614057;EVL;Znìtínské rybníky;RP Vysoèina,,;
CZ0614058;EVL;Rybníky V Pouštích;RP Vysoèina,,;
CZ0614135;EVL;U Milièovska;RP Vysoèina,,;
CZ0610003;EVL;Vysokı kámen u Smrèné;RP Vysoèina,,;
CZ0610022;EVL;Havranka;RP Vysoèina,,;
CZ0610025;EVL;Habrová seè;RP Vysoèina,,;
CZ0610029;EVL;Horní Mrzatec;RP Vysoèina,,;
CZ0610175;EVL;Baba a Belfrídskı potok;RP Vysoèina,,;
CZ0613002;EVL;Roštejnská obora;RP Vysoèina,,;
CZ0613003;EVL;Maršovec a Èepièka;RP Vysoèina,,;
CZ0613004;EVL;Bøevnickı potok;RP Vysoèina,,;
CZ0613005;EVL;Martinickı potok;RP Vysoèina,,;
CZ0610179;EVL;Jedlovı les a údolí Rokytné;RP Vysoèina,,;
CZ0613012;EVL;Na Ostráné;RP Vysoèina,,;
CZ0613013;EVL;Šilhánky;RP Vysoèina,,;
CZ0613319;EVL;Fickù rybník;RP Vysoèina,,;
CZ0613322;EVL;Koupalištì u Bohuslavic;RP Vysoèina,,;
CZ0613328;EVL;Rašelinné jezírko Rosièka;RP Vysoèina,,;
CZ0613332;EVL;Šlapanka a Zlatı potok;RP Vysoèina,,;
CZ0613334;EVL;Trnava;RP Vysoèina,,;
CZ0613336;EVL;V kopaninách;RP Vysoèina,,;
CZ0613695;EVL;Biskupice - kostel;RP Vysoèina,,;
CZ0613696;EVL;Biskupice - škola;RP Vysoèina,,;
CZ0613698;EVL;Jeøišno - Heømaò;RP Vysoèina,,;
CZ0613699;EVL;Námìš nad Oslavou - zámeèek;RP Vysoèina,,;
CZ0613816;EVL;Námìšská obora;RP Vysoèina,,;
CZ0614054;EVL;Na Oklice;RP Vysoèina,,;
CZ0614056;EVL;V Lisovech;RP Vysoèina,,;
CZ0615001;EVL;Zajeèí skok;RP Vysoèina,,;
CZ0615018;EVL;Šimanovské rašeliništì;RP Vysoèina,,;
CZ0612133;EVL;Dìdkovo;RP Vysoèina,,;
CZ0721024;PO;Hostınské vrchy;RP SCHKO Bílé Karpaty,,;
CZ0710183;EVL;Rychlebské hory - Raèí údolí;RP Olomoucko,,;
CZ0623046;EVL;Trávní dvùr;RP Jiní Morava,,;
CZ0624095;EVL;Údolí Dyje;RP Jiní Morava,,;
CZ0714133;EVL;Libavá;RP Olomoucko,,;
CZ0624096;EVL;Podyjí;RP Jiní Morava,,;
CZ0313137;EVL;Veveøskı potok;RP Jiní Èechy,,;
CZ0213077;EVL;Suchdolskı rybník;RP Støední Èechy,,;
CZ0213066;EVL;Rybník Voèert a Lazy;RP Støední Èechy,,;
CZ0713398;EVL;Zlaté Hory - Zlaté jezero;RP Olomoucko,,;
CZ0513256;EVL;Smìdá;RP Liberecko,,;
CZ0213061;EVL;Tınecké mokøiny;RP Støední Èechy,,;
CZ0212008;EVL;Hadce u Hrnèíø;RP Støední Èechy,,;
CZ0622174;EVL;V Jezdinách;RP Jiní Morava,,;
CZ0713395;EVL;Vidnava;RP Olomoucko,,;
CZ0214004;EVL;Èernı Orel;RP SCHKO Kokoøínsko - Máchùv kraj,,;
CZ0313822;EVL;Koštìnickı potok;RP Jiní Èechy,,;
CZ0724091;EVL;Chøiby;RP SCHKO Bílé Karpaty,,;
CZ0813456;EVL;Moravice;RP Olomoucko,,;
CZ0623324;EVL;Bobrùvka;RP Jiní Morava,,;
CZ0713375;EVL;Hustopeèe - Štìrkáè;RP Olomoucko,,;
CZ0623797;EVL;Stránicko;RP SCHKO Bílé Karpaty,,;
CZ0510164;EVL;Kozlov - Tábor;RP Liberecko,,;
CZ0214007;EVL;Káranı - Hrbáèkovy tùnì;RP SCHKO Kokoøínsko - Máchùv kraj,,;
CZ0213067;EVL;Sázava;RP Støední Èechy,,;
CZ0314024;EVL;Šumava;RP Jiní Èechy,,;
CZ0417018;PO;Západní Krušné hory;RP SCHKO Slavkovskı les,,;
CZ0317017;EVL;Strákovice;RP Jiní Èechy,,;
CZ0427014;EVL;Milešov pod Milešovkou - kostel;RP SCHKO Èeské støedohoøí,,;
CZ0627016;EVL;Paseky;RP Jiní Morava,,;
CZ0717012;EVL;Nové Pole;RP Olomoucko,,;
