kod_chu;sitecode;kategorie;nazev_chu;oop
3232;CZ0714085;EVL;Morava - Chropyòskı luh;AOPK ÈR - RP Olomoucko, AOPK ÈR - RP SCHKO Bílé Karpaty, Krajskı úøad Olomouckého kraje, Krajskı úøad Zlínského kraje
2806;CZ0423507;EVL;Horní Kamenice;AOPK ÈR - RP Liberecko, AOPK ÈR - RP SCHKO Èeské støedohoøí, Správa NP Èeské Švıcarsko
2861;CZ0514042;EVL;Jestøebsko - Dokesko;Krajskı úøad Libereckého kraje, AOPK ÈR - RP SCHKO Kokoøínsko - Máchùv kraj
2758;CZ0414127;EVL;Hradištì;Krajskı úøad Ústeckého kraje, Újezdní úøad Hradištì, Krajskı úøad Karlovarského kraje, AOPK ÈR - RP SCHKO Slavkovskı les
2764;CZ0414110;EVL;Krušnohorské plató;Krajskı úøad Karlovarského kraje, AOPK ÈR - RP SCHKO Slavkovskı les
5391;CZ0214050;EVL;ehuòsko;AOPK ÈR - RP SCHKO Kokoøínsko - Máchùv kraj, AOPK ÈR - RP Støední Èechy, Krajskı úøad Královéhradeckého kraje, Krajskı úøad Støedoèeského kraje
2619;CZ0213009;EVL;Vlašimská Blanice;AOPK ÈR - RP Støední Èechy, Krajskı úøad Jihoèeského kraje, Krajskı úøad Støedoèeského kraje
2629;CZ0214016;EVL;elivka;Krajskı úøad Støedoèeského kraje, AOPK ÈR - RP Støední Èechy, Krajskı úøad Kraje Vysoèina
2724;CZ0323156;EVL;Mešenskı potok;Krajskı úøad Plzeòského kraje, AOPK ÈR - RP Støední Èechy
5443;CZ0320005;EVL;V Úlièkách;Krajskı úøad Plzeòského kraje, AOPK ÈR - RP Støední Èechy
2946;CZ0520511;EVL;altman;Krajskı úøad Královéhradeckého kraje, AOPK ÈR - RP Vıchodní Èechy
2994;CZ0613321;EVL;Jankovskı potok;AOPK ÈR - RP Vysoèina, Krajskı úøad Kraje Vysoèina
2801;CZ0424125;EVL;Doupovské hory;Krajskı úøad Ústeckého kraje, AOPK ÈR - RP SCHKO Slavkovskı les, Krajskı úøad Karlovarského kraje
2632;CZ0314124;EVL;Blanskı les;AOPK ÈR - RP Jiní Èechy, Krajskı úøad Jihoèeského kraje
2662;CZ0313106;EVL;Lunice a Neárka;AOPK ÈR - RP Jiní Èechy, Krajskı úøad Jihoèeského kraje
2683;CZ0313123;EVL;Stropnice;AOPK ÈR - RP Jiní Èechy, Krajskı úøad Jihoèeského kraje
2702;CZ0313141;EVL;ofina Hu;AOPK ÈR - RP Jiní Èechy, Krajskı úøad Jihoèeského kraje
2703;CZ0310163;EVL;ofínskı prales - Pivonické skály;AOPK ÈR - RP Jiní Èechy, Krajskı úøad Jihoèeského kraje
2638;CZ0313097;EVL;Cepská pískovna a okolí;AOPK ÈR - RP Jiní Èechy
5394;CZ0310032;EVL;Èertova stìna-Luè;AOPK ÈR - RP Jiní Èechy
2640;CZ0310610;EVL;Èervené blato;AOPK ÈR - RP Jiní Èechy
2645;CZ0313098;EVL;Hliníø - Ponìdráka;AOPK ÈR - RP Jiní Èechy
2651;CZ0314634;EVL;Chınovská jeskynì;AOPK ÈR - RP Jiní Èechy
5398;CZ0314648;EVL;Kocelovické pastviny;AOPK ÈR - RP Jiní Èechy
2657;CZ0313101;EVL;Krvavı a Kaèleskı rybník;AOPK ÈR - RP Jiní Èechy
2659;CZ0312038;EVL;Lomnickı velkı rybník;AOPK ÈR - RP Jiní Èechy
2664;CZ0312040;EVL;Malı Horusickı rybník;AOPK ÈR - RP Jiní Èechy
2668;CZ0313128;EVL;Nadìjská soustava;AOPK ÈR - RP Jiní Èechy
5407;CZ0310615;EVL;Píseènı pøesyp u Vlkova;AOPK ÈR - RP Jiní Èechy
2675;CZ0313129;EVL;Purkrabskı rybník a Toèník;AOPK ÈR - RP Jiní Èechy
2679;CZ0314109;EVL;Ruda;AOPK ÈR - RP Jiní Èechy
2680;CZ0315005;EVL;Øeabinec;AOPK ÈR - RP Jiní Èechy
2685;CZ0310611;EVL;Široké blato;AOPK ÈR - RP Jiní Èechy
2687;CZ0312048;EVL;Štièí rybník;AOPK ÈR - RP Jiní Èechy
5417;CZ0313004;EVL;Terèino údolí;AOPK ÈR - RP Jiní Èechy
2690;CZ0313131;EVL;Tøeboò;AOPK ÈR - RP Jiní Èechy
2691;CZ0314023;EVL;Tøeboòsko - støed;AOPK ÈR - RP Jiní Èechy
2695;CZ0314019;EVL;Velkı a Malı Tisı;AOPK ÈR - RP Jiní Èechy
5426;CZ0310605;EVL;ofinka;AOPK ÈR - RP Jiní Èechy
3142;CZ0623819;EVL;Øeka Rokytná;AOPK ÈR - RP Jiní Morava, Krajskı úøad Jihomoravského kraje, Krajskı úøad Kraje Vysoèina
3052;CZ0624062;EVL;Èerneckı a Milonickı hájek;AOPK ÈR - RP Jiní Morava, Krajskı úøad Jihomoravského kraje
3065;CZ0624070;EVL;Hodonínská doubrava;AOPK ÈR - RP Jiní Morava, Krajskı úøad Jihomoravského kraje
3084;CZ0624128;EVL;Krumlovsko-rokytenské slepence;AOPK ÈR - RP Jiní Morava, Krajskı úøad Jihomoravského kraje
3105;CZ0624130;EVL;Moravskı kras;AOPK ÈR - RP Jiní Morava, Krajskı úøad Jihomoravského kraje
3117;CZ0624099;EVL;Niva Dyje;AOPK ÈR - RP Jiní Morava, Krajskı úøad Jihomoravského kraje
3132;CZ0624060;EVL;Pouzdøanská step - Kolby;AOPK ÈR - RP Jiní Morava, Krajskı úøad Jihomoravského kraje
3134;CZ0624114;EVL;Pøední kout;AOPK ÈR - RP Jiní Morava, Krajskı úøad Jihomoravského kraje
3150;CZ0624119;EVL;Soutok - Podluí;AOPK ÈR - RP Jiní Morava, Krajskı úøad Jihomoravského kraje
3056;CZ0624104;EVL;Dìvín;AOPK ÈR - RP Jiní Morava
3060;CZ0622218;EVL;Dunajovické kopce;AOPK ÈR - RP Jiní Morava
3081;CZ0623781;EVL;Klentnice - kostel svatého Jiøí;AOPK ÈR - RP Jiní Morava
3397;CZ0620009;EVL;Lednické rybníky;AOPK ÈR - RP Jiní Morava
3103;CZ0624100;EVL;Milovickı les;AOPK ÈR - RP Jiní Morava
3104;CZ0620147;EVL;Miroslavské kopce;AOPK ÈR - RP Jiní Morava
6071;CZ0620419;EVL;Na Adamcích;AOPK ÈR - RP Jiní Morava
3137;CZ0623045;EVL;Rendezvous;AOPK ÈR - RP Jiní Morava
3148;CZ0624102;EVL;Slanisko u Nesytu;AOPK ÈR - RP Jiní Morava
3153;CZ0624043;EVL;Stolová hora;AOPK ÈR - RP Jiní Morava
3155;CZ0624020;EVL;Stránská skála;AOPK ÈR - RP Jiní Morava
3160;CZ0624234;EVL;Svatı kopeèek u Mikulova;AOPK ÈR - RP Jiní Morava
3173;CZ0624098;EVL;Turold;AOPK ÈR - RP Jiní Morava
3184;CZ0620024;EVL;Váté písky;AOPK ÈR - RP Jiní Morava
3405;CZ0620018;EVL;Vìtrníky;AOPK ÈR - RP Jiní Morava
2915;CZ0524044;EVL;Krkonoše;AOPK ÈR - RP Liberecko, Správa KRNAP, Krajskı úøad Libereckého kraje
2874;CZ0514113;EVL;Podtrosecká údolí;AOPK ÈR - RP Liberecko, Krajskı úøad Královéhradeckého kraje
2889;CZ0513509;EVL;Svitavka;AOPK ÈR - RP Liberecko, Krajskı úøad Libereckého kraje
2797;CZ0424031;EVL;Èeské Švıcarsko;Správa NP Èeské Švıcarsko, AOPK ÈR - RP Liberecko
2851;CZ0513657;EVL;Bílá Desná - kanál protrené pøehrady;AOPK ÈR - RP Liberecko
2852;CZ0510405;EVL;Bukovec;AOPK ÈR - RP Liberecko
2526;CZ0212006;EVL;Drhleny;AOPK ÈR - RP Liberecko
2809;CZ0423652;EVL;Chøibská - kostel;AOPK ÈR - RP Liberecko
2860;CZ0513666;EVL;Jeskynì Sklepy pod Troskami;AOPK ÈR - RP Liberecko
2862;CZ0510509;EVL;Jezevèí vrch;AOPK ÈR - RP Liberecko
5507;CZ0510412;EVL;Jizerské smrèiny;AOPK ÈR - RP Liberecko
2865;CZ0510400;EVL;Jizerskohorské buèiny;AOPK ÈR - RP Liberecko
2866;CZ0510508;EVL;Klíè;AOPK ÈR - RP Liberecko
2914;CZ0523677;EVL;Kost;AOPK ÈR - RP Liberecko
2824;CZ0420520;EVL;Luickohorské buèiny;AOPK ÈR - RP Liberecko
2873;CZ0513663;EVL;Podhájí - chalupa;AOPK ÈR - RP Liberecko
2875;CZ0513249;EVL;Prácheò - Zicht;AOPK ÈR - RP Liberecko
2876;CZ0510191;EVL;Prùlom Jizery u Rakous;AOPK ÈR - RP Liberecko
2582;CZ0214012;EVL;Pøíhrazské skály;AOPK ÈR - RP Liberecko
2877;CZ0510403;EVL;Quarré;AOPK ÈR - RP Liberecko
2878;CZ0510402;EVL;Rašeliništì Jizerky;AOPK ÈR - RP Liberecko
2879;CZ0510415;EVL;Rašeliništì Jizery;AOPK ÈR - RP Liberecko
2885;CZ0510408;EVL;Smìdava;AOPK ÈR - RP Liberecko
5493;CZ0420083;EVL;Spravedlnost-Chøibská;AOPK ÈR - RP Liberecko
5499;CZ0420082;EVL;Studenec;AOPK ÈR - RP Liberecko
2888;CZ0514041;EVL;Suchı vrch - Nadìje;AOPK ÈR - RP Liberecko
2842;CZ0420507;EVL;Údolí Chøibské Kamenice;AOPK ÈR - RP Liberecko
2612;CZ0214025;EVL;Údolí Plakánek;AOPK ÈR - RP Liberecko
3289;CZ0810004;EVL;Niva Morávky;AOPK ÈR - RP Moravskoslezské, Krajskı úøad Moravskoslezského kraje
3296;CZ0814092;EVL;Poodøí;AOPK ÈR - RP Moravskoslezské, Krajskı úøad Moravskoslezského kraje
5586;CZ0810032;EVL;Ptaèí hora;AOPK ÈR - RP Moravskoslezské, Krajskı úøad Moravskoslezského kraje
5587;CZ0810036;EVL;Štramberk;AOPK ÈR - RP Moravskoslezské, Krajskı úøad Moravskoslezského kraje
3308;CZ0813474;EVL;Údolí Moravice;AOPK ÈR - RP Moravskoslezské, Krajskı úøad Moravskoslezského kraje
3313;CZ0724089;EVL;Beskydy;AOPK ÈR - RP Moravskoslezské
3270;CZ0813438;EVL;Cihelna Kunín;AOPK ÈR - RP Moravskoslezské
3300;CZ0810018;EVL;Sovinec;AOPK ÈR - RP Olomoucko, Krajskı úøad Moravskoslezského kraje, Krajskı úøad Olomouckého kraje
3205;CZ0714082;EVL;Beèva - ebraèka;AOPK ÈR - RP Olomoucko, Krajskı úøad Olomouckého kraje
3230;CZ0714073;EVL;Litovelské Pomoraví;AOPK ÈR - RP Olomoucko, Krajskı úøad Olomouckého kraje
3246;CZ0714086;EVL;Rychlebské hory - Sokolskı høbet;AOPK ÈR - RP Olomoucko, Krajskı úøad Olomouckého kraje
3250;CZ0714080;EVL;Špranìk;AOPK ÈR - RP Olomoucko, Krajskı úøad Olomouckého kraje
3207;CZ0713722;EVL;Branná - hrad;AOPK ÈR - RP Olomoucko
3277;CZ0813445;EVL;Heømanovice;AOPK ÈR - RP Olomoucko
3217;CZ0712186;EVL;Hrdiboøické rybníky;AOPK ÈR - RP Olomoucko
5574;CZ0714771;EVL;Hùrka u Hranic;AOPK ÈR - RP Olomoucko
3281;CZ0813763;EVL;Javorovı vrch;AOPK ÈR - RP Olomoucko
3283;CZ0813450;EVL;Karlova Studánka;AOPK ÈR - RP Olomoucko
3223;CZ0714075;EVL;Keprník;AOPK ÈR - RP Olomoucko
3224;CZ0714076;EVL;Kosíø - Lomy;AOPK ÈR - RP Olomoucko
2964;CZ0530146;EVL;Králickı Snìník;AOPK ÈR - RP Olomoucko
5576;CZ0713730;EVL;Na Špièáku;AOPK ÈR - RP Olomoucko
3239;CZ0714077;EVL;Pradìd;AOPK ÈR - RP Olomoucko
5585;CZ0810014;EVL;Pstruí potok;AOPK ÈR - RP Olomoucko
3242;CZ0714078;EVL;Rabštejn;AOPK ÈR - RP Olomoucko
3243;CZ0714081;EVL;Rejvíz;AOPK ÈR - RP Olomoucko
3299;CZ0813468;EVL;Sokolí potok;AOPK ÈR - RP Olomoucko
3304;CZ0813472;EVL;Suchá Rudná - zlatı lom;AOPK ÈR - RP Olomoucko
3306;CZ0813765;EVL;Štola Franz - Franz;AOPK ÈR - RP Olomoucko
3253;CZ0715024;EVL;Šumárník;AOPK ÈR - RP Olomoucko
3258;CZ0715025;EVL;Údolí Malínského potoka;AOPK ÈR - RP Olomoucko
3266;CZ0712225;EVL;Za hrnèíøkou;AOPK ÈR - RP Olomoucko
3154;CZ0624069;EVL;Strabišov - Oulehla;AOPK ÈR - RP SCHKO Bílé Karpaty, Krajskı úøad Jihomoravského kraje, Krajskı úøad Zlínského kraje
5592;CZ0720435;EVL;Podkrálovec;AOPK ÈR - RP SCHKO Bílé Karpaty, Krajskı úøad Zlínského kraje
3344;CZ0723421;EVL;Remízy u Bánova;AOPK ÈR - RP SCHKO Bílé Karpaty, Krajskı úøad Zlínského kraje
5595;CZ0720422;EVL;Valy-Buèník;AOPK ÈR - RP SCHKO Bílé Karpaty, Krajskı úøad Zlínského kraje
3314;CZ0724090;EVL;Bílé Karpaty;AOPK ÈR - RP SCHKO Bílé Karpaty
5588;CZ0720441;EVL;Bílé potoky;AOPK ÈR - RP SCHKO Bílé Karpaty
3053;CZ0624072;EVL;Èertoryje;AOPK ÈR - RP SCHKO Bílé Karpaty
3319;CZ0722198;EVL;Hodòovská dolina;AOPK ÈR - RP SCHKO Bílé Karpaty
3320;CZ0722199;EVL;Hrušová dolina;AOPK ÈR - RP SCHKO Bílé Karpaty
6078;CZ0720454;EVL;Jalovcová;AOPK ÈR - RP SCHKO Bílé Karpaty
3327;CZ0723751;EVL;Komòa - kostel;AOPK ÈR - RP SCHKO Bílé Karpaty
5590;CZ0720428;EVL;Na Koncoch;AOPK ÈR - RP SCHKO Bílé Karpaty
5593;CZ0720420;EVL;Rudickı les;AOPK ÈR - RP SCHKO Bílé Karpaty
3350;CZ0723756;EVL;Slavièín - kostel;AOPK ÈR - RP SCHKO Bílé Karpaty
3351;CZ0723757;EVL;Slavièín - zámek;AOPK ÈR - RP SCHKO Bílé Karpaty
5594;CZ0720437;EVL;Valentová;AOPK ÈR - RP SCHKO Bílé Karpaty
3365;CZ0723434;EVL;Vlára;AOPK ÈR - RP SCHKO Bílé Karpaty
3366;CZ0724430;EVL;Vlárskı prùsmyk;AOPK ÈR - RP SCHKO Bílé Karpaty
6090;CZ0424141;EVL;Porta Bohemica;AOPK ÈR - RP SCHKO Èeské støedohoøí, Krajskı úøad Ústeckého kraje, Správa NP Èeské Švıcarsko
2857;CZ0513505;EVL;Dolní Plouènice;AOPK ÈR - RP SCHKO Èeské støedohoøí, Krajskı úøad Libereckého kraje
2846;CZ0420165;EVL;Velkı vrch - Èernodoly;AOPK ÈR - RP SCHKO Èeské støedohoøí, Krajskı úøad Ústeckého kraje
5504;CZ0424127;EVL;Vıchodní Krušnohoøí;AOPK ÈR - RP SCHKO Èeské støedohoøí, Krajskı úøad Ústeckého kraje
2787;CZ0424034;EVL;Babinské louky;AOPK ÈR - RP SCHKO Èeské støedohoøí
2789;CZ0423198;EVL;Bezejmennı pøítok Trojhorského potoka;AOPK ÈR - RP SCHKO Èeské støedohoøí
5465;CZ0424129;EVL;Bílé stránì u Litomìøic;AOPK ÈR - RP SCHKO Èeské støedohoøí
5505;CZ0510441;EVL;Binov - Bobøí soutìska;AOPK ÈR - RP SCHKO Èeské støedohoøí
5468;CZ0420451;EVL;Bohyòská lada, Chmelník, Lotarùv vrch;AOPK ÈR - RP SCHKO Èeské støedohoøí
2793;CZ0422075;EVL;Boreèskı vrch;AOPK ÈR - RP SCHKO Èeské støedohoøí
2794;CZ0420026;EVL;Boøeò;AOPK ÈR - RP SCHKO Èeské støedohoøí
2795;CZ0423202;EVL;Bøezina;AOPK ÈR - RP SCHKO Èeské støedohoøí
2798;CZ0423206;EVL;Dobrná;AOPK ÈR - RP SCHKO Èeské støedohoøí
2804;CZ0424038;EVL;Holı vrch u Hlinné;AOPK ÈR - RP SCHKO Èeské støedohoøí
2807;CZ0423212;EVL;Hoøenec - Èíèov;AOPK ÈR - RP SCHKO Èeské støedohoøí
5473;CZ0423001;EVL;Huníkovskı potok;AOPK ÈR - RP SCHKO Èeské støedohoøí
2813;CZ0422077;EVL;Kleneè;AOPK ÈR - RP SCHKO Èeské støedohoøí
5476;CZ0420459;EVL;Košálov;AOPK ÈR - RP SCHKO Èeské støedohoøí
2817;CZ0420406;EVL;Køíové vršky, Malı vrch, Šibeník;AOPK ÈR - RP SCHKO Èeské støedohoøí
5477;CZ0420455;EVL;Lhota;AOPK ÈR - RP SCHKO Èeské støedohoøí
5479;CZ0420454;EVL;Lipská hora;AOPK ÈR - RP SCHKO Èeské støedohoøí
2822;CZ0424037;EVL;Lovoš;AOPK ÈR - RP SCHKO Èeské støedohoøí
2823;CZ0423219;EVL;Luèní potok - Tøebušín;AOPK ÈR - RP SCHKO Èeské støedohoøí
2825;CZ0420416;EVL;Milešovka;AOPK ÈR - RP SCHKO Èeské støedohoøí
2829;CZ0424039;EVL;Oblík - Srdov - Brník;AOPK ÈR - RP SCHKO Èeské støedohoøí
5486;CZ0420456;EVL;Ostrı;AOPK ÈR - RP SCHKO Èeské støedohoøí
5487;CZ0420462;EVL;Plešivec;AOPK ÈR - RP SCHKO Èeské støedohoøí
2833;CZ0423224;EVL;Ploskovice;AOPK ÈR - RP SCHKO Èeské støedohoøí
2835;CZ0423225;EVL;Radobıl;AOPK ÈR - RP SCHKO Èeské støedohoøí
2836;CZ0424033;EVL;Raná - Hrádek;AOPK ÈR - RP SCHKO Èeské støedohoøí
5489;CZ0420449;EVL;Sedlo;AOPK ÈR - RP SCHKO Èeské støedohoøí
2837;CZ0423227;EVL;Sinutec - Dlouhı kopec;AOPK ÈR - RP SCHKO Èeské støedohoøí
5500;CZ0420460;EVL;Tøtìnské stránì;AOPK ÈR - RP SCHKO Èeské støedohoøí
2848;CZ0423233;EVL;Vrch Milá;AOPK ÈR - RP SCHKO Èeské støedohoøí
2849;CZ0423236;EVL;Všechlapy - Kamık;AOPK ÈR - RP SCHKO Èeské støedohoøí
2712;CZ0320140;EVL;Chejlava;AOPK ÈR - RP SCHKO Èeskı les, Krajskı úøad Plzeòského kraje
2717;CZ0323151;EVL;Kateøinskı a Nivní potok;AOPK ÈR - RP SCHKO Èeskı les, Krajskı úøad Plzeòského kraje
2728;CZ0322058;EVL;Pastvištì u Fínù;AOPK ÈR - RP SCHKO Èeskı les, Krajskı úøad Plzeòského kraje
2708;CZ0320180;EVL;Èerchovskı les;AOPK ÈR - RP SCHKO Èeskı les
5429;CZ0320030;EVL;Haltravskı høeben;AOPK ÈR - RP SCHKO Èeskı les
5432;CZ0320029;EVL;Chlumská stráò;AOPK ÈR - RP SCHKO Èeskı les
5435;CZ0320037;EVL;Na poárech;AOPK ÈR - RP SCHKO Èeskı les
5436;CZ0324026;EVL;Niva Nemanického potoka;AOPK ÈR - RP SCHKO Èeskı les
5437;CZ0320043;EVL;Pavlova Hu;AOPK ÈR - RP SCHKO Èeskı les
2738;CZ0323166;EVL;Radbuza - Novı Dvùr - Pila;AOPK ÈR - RP SCHKO Èeskı les
2858;CZ0513506;EVL;Horní Plouènice;AOPK ÈR - RP SCHKO Kokoøínsko - Máchùv kraj, Krajskı úøad Libereckého kraje
5510;CZ0514670;EVL;Ronov - Vlhoš;AOPK ÈR - RP SCHKO Kokoøínsko - Máchùv kraj, Krajskı úøad Libereckého kraje
2549;CZ0214013;EVL;Kokoøínsko;AOPK ÈR - RP SCHKO Kokoøínsko - Máchùv kraj, Krajskı úøad Støedoèeského kraje
2560;CZ0214009;EVL;Libické luhy;AOPK ÈR - RP SCHKO Kokoøínsko - Máchùv kraj, Krajskı úøad Støedoèeského kraje
2567;CZ0214006;EVL;Milovice - Mladá;AOPK ÈR - RP SCHKO Kokoøínsko - Máchùv kraj, Krajskı úøad Støedoèeského kraje
5357;CZ0214043;EVL;Niva Bìlé u Klokoèky;AOPK ÈR - RP SCHKO Kokoøínsko - Máchùv kraj, Krajskı úøad Støedoèeského kraje
2593;CZ0212021;EVL;Slatinná louka u Velenky;AOPK ÈR - RP SCHKO Kokoøínsko - Máchùv kraj, Krajskı úøad Støedoèeského kraje
5337;CZ0210150;EVL;Ètvrtì;AOPK ÈR - RP SCHKO Kokoøínsko - Máchùv kraj
2533;CZ0210172;EVL;Hrabanovská èernava;AOPK ÈR - RP SCHKO Kokoøínsko - Máchùv kraj
5484;CZ0423006;EVL;Nebeskı rybníèek u Veselí;AOPK ÈR - RP SCHKO Kokoøínsko - Máchùv kraj
5508;CZ0514669;EVL;Poselskı a Mariánskı rybník;AOPK ÈR - RP SCHKO Kokoøínsko - Máchùv kraj
5371;CZ0210114;EVL;Radouè;AOPK ÈR - RP SCHKO Kokoøínsko - Máchùv kraj
2584;CZ0212020;EVL;Reèkov;AOPK ÈR - RP SCHKO Kokoøínsko - Máchùv kraj
2881;CZ0512100;EVL;Roverské skály;AOPK ÈR - RP SCHKO Kokoøínsko - Máchùv kraj
2883;CZ0513255;EVL;Slatinné vrchy;AOPK ÈR - RP SCHKO Kokoøínsko - Máchùv kraj
2891;CZ0514243;EVL;Velkı a Malı Bezdìz;AOPK ÈR - RP SCHKO Kokoøínsko - Máchùv kraj
2755;CZ0413177;EVL;Bystøina - Luní potok;AOPK ÈR - RP SCHKO Slavkovskı les, Krajskı úøad Karlovarského kraje
2760;CZ0410413;EVL;Kaòon Ohøe;AOPK ÈR - RP SCHKO Slavkovskı les, Krajskı úøad Karlovarského kraje
5449;CZ0413181;EVL;Mokøady u Javorné;AOPK ÈR - RP SCHKO Slavkovskı les, Krajskı úøad Karlovarského kraje
5451;CZ0413191;EVL;Na Pilské šachtì;AOPK ÈR - RP SCHKO Slavkovskı les, Krajskı úøad Karlovarského kraje
2768;CZ0410021;EVL;Nadlesí;AOPK ÈR - RP SCHKO Slavkovskı les, Krajskı úøad Karlovarského kraje
2778;CZ0410150;EVL;Soos;AOPK ÈR - RP SCHKO Slavkovskı les, Krajskı úøad Karlovarského kraje
2780;CZ0413195;EVL;Teplá s pøítoky a Otroèínskı potok;AOPK ÈR - RP SCHKO Slavkovskı les, Krajskı úøad Karlovarského kraje
2828;CZ0420144;EVL;Novodomské a polské rašeliništì;AOPK ÈR - RP SCHKO Slavkovskı les, Krajskı úøad Ústeckého kraje
2751;CZ0410404;EVL;Beèovské lesní rybníky;AOPK ÈR - RP SCHKO Slavkovskı les
2757;CZ0413180;EVL;Horní Kramolín - Ovesné;AOPK ÈR - RP SCHKO Slavkovskı les
2713;CZ0323638;EVL;Jeskynì Inkù;AOPK ÈR - RP SCHKO Slavkovskı les
2761;CZ0410414;EVL;Kladské rašeliny;AOPK ÈR - RP SCHKO Slavkovskı les
2762;CZ0410401;EVL;Krásenské rašeliništì;AOPK ÈR - RP SCHKO Slavkovskı les
2767;CZ0412065;EVL;Medvìdí rozhledy;AOPK ÈR - RP SCHKO Slavkovskı les
5448;CZ0413187;EVL;Mezi rybníky;AOPK ÈR - RP SCHKO Slavkovskı les
6068;CZ0410438;EVL;Moèál u Bystøiny;AOPK ÈR - RP SCHKO Slavkovskı les
2770;CZ0413188;EVL;Olšová vrata;AOPK ÈR - RP SCHKO Slavkovskı les
2773;CZ0413184;EVL;Pískovna Erika;AOPK ÈR - RP SCHKO Slavkovskı les
5453;CZ0413179;EVL;Podhorní louky;AOPK ÈR - RP SCHKO Slavkovskı les
2774;CZ0412069;EVL;Pramenské pastviny;AOPK ÈR - RP SCHKO Slavkovskı les
5455;CZ0413008;EVL;Prameny Teplé;AOPK ÈR - RP SCHKO Slavkovskı les
5457;CZ0413009;EVL;Rankovickı triangl;AOPK ÈR - RP SCHKO Slavkovskı les
2775;CZ0412070;EVL;Raušenbašská lada;AOPK ÈR - RP SCHKO Slavkovskı les
2777;CZ0412071;EVL;Skalka pod Tisovım vrchem;AOPK ÈR - RP SCHKO Slavkovskı les
2745;CZ0323645;EVL;Štola Vìra;AOPK ÈR - RP SCHKO Slavkovskı les
5461;CZ0413182;EVL;U bunkru;AOPK ÈR - RP SCHKO Slavkovskı les
5462;CZ0413018;EVL;U hájenky;AOPK ÈR - RP SCHKO Slavkovskı les
2783;CZ0414026;EVL;Úpolínová louka - Køíky;AOPK ÈR - RP SCHKO Slavkovskı les
2700;CZ0313140;EVL;Závišínskı potok;AOPK ÈR - RP Støední Èechy, Krajskı úøad Jihoèeského kraje, Krajskı úøad Støedoèeského kraje
2707;CZ0323145;EVL;Bradava;AOPK ÈR - RP Støední Èechy, Krajskı úøad Plzeòského kraje
5334;CZ0210100;EVL;Bílichovské údolí;AOPK ÈR - RP Støední Èechy, Krajskı úøad Støedoèeského kraje
5358;CZ0214041;EVL;Niva Kotelského potoka;AOPK ÈR - RP Støední Èechy, Krajskı úøad Støedoèeského kraje
5368;CZ0210028;EVL;Posázavské buèiny;AOPK ÈR - RP Støední Èechy, Krajskı úøad Støedoèeského kraje
2597;CZ0212019;EVL;Smradovna;AOPK ÈR - RP Støední Èechy, Krajskı úøad Støedoèeského kraje
5375;CZ0214039;EVL;Stroupínskı potok;AOPK ÈR - RP Støední Èechy, Krajskı úøad Støedoèeského kraje
5376;CZ0210053;EVL;Støední Povltaví u Drbákova;AOPK ÈR - RP Støední Èechy, Krajskı úøad Støedoèeského kraje
5335;CZ0214047;EVL;Brda;AOPK ÈR - RP Støední Èechy
5336;CZ0210704;EVL;Èertova skála;AOPK ÈR - RP Støední Èechy
2527;CZ0213783;EVL;Felbabka;AOPK ÈR - RP Støední Èechy
2534;CZ0213787;EVL;Hrachovištì;AOPK ÈR - RP Støední Èechy
2538;CZ0213790;EVL;Javùrek;AOPK ÈR - RP Støední Èechy
2545;CZ0214002;EVL;Karlické údolí;AOPK ÈR - RP Støední Èechy
2546;CZ0214017;EVL;Karlštejn - Koda;AOPK ÈR - RP Støední Èechy
5433;CZ0320053;EVL;Kohoutov;AOPK ÈR - RP Støední Èechy
2552;CZ0214037;EVL;Kotız;AOPK ÈR - RP Støední Èechy
2553;CZ0213610;EVL;Køivoklát - hrad;AOPK ÈR - RP Støední Èechy
2554;CZ0210409;EVL;Kulivá hora;AOPK ÈR - RP Støední Èechy
2557;CZ0214008;EVL;Lánská obora;AOPK ÈR - RP Støední Èechy
2559;CZ0213814;EVL;Lednı potok;AOPK ÈR - RP Støední Èechy
2503;CZ0113005;EVL;Lochkovskı profil;AOPK ÈR - RP Støední Èechy
5353;CZ0210421;EVL;Mramor;AOPK ÈR - RP Støední Èechy
5354;CZ0213065;EVL;Na Babì;AOPK ÈR - RP Støední Èechy
2572;CZ0213818;EVL;Octárna;AOPK ÈR - RP Støední Èechy
2573;CZ0213050;EVL;Ohrazenickı potok;AOPK ÈR - RP Støední Èechy
5360;CZ0214042;EVL;Padrsko;AOPK ÈR - RP Støední Èechy
2579;CZ0214014;EVL;Podlesí;AOPK ÈR - RP Støední Èechy
5369;CZ0214045;EVL;Prameny Klíèavy;AOPK ÈR - RP Støední Èechy
5370;CZ0210023;EVL;Pustá seè;AOPK ÈR - RP Støední Èechy
2508;CZ0114001;EVL;Radotínské údolí;AOPK ÈR - RP Støední Èechy
2583;CZ0213063;EVL;Rakovník - za koupalištìm;AOPK ÈR - RP Støední Èechy
2590;CZ0213512;EVL;Skoèová - pískovna;AOPK ÈR - RP Støední Èechy
5377;CZ0210708;EVL;Støíbrnı luh;AOPK ÈR - RP Støední Èechy
2599;CZ0213626;EVL;Suchomasty - zámeèek;AOPK ÈR - RP Støední Èechy
2604;CZ0213621;EVL;Štoly Velké Ameriky;AOPK ÈR - RP Støední Èechy
5379;CZ0210062;EVL;Teslíny;AOPK ÈR - RP Støední Èechy
2605;CZ0213628;EVL;Toèník - hrad;AOPK ÈR - RP Støední Èechy
5380;CZ0210054;EVL;Tok;AOPK ÈR - RP Støední Èechy
5381;CZ0210056;EVL;Trokavecké louky;AOPK ÈR - RP Støední Èechy
5382;CZ0210047;EVL;Tøemšín a Høebence;AOPK ÈR - RP Støední Èechy
2611;CZ0214011;EVL;Tıøov - Oupoøskı potok;AOPK ÈR - RP Støední Èechy
5383;CZ0213822;EVL;V Hlinišatech;AOPK ÈR - RP Støední Èechy
5384;CZ0210118;EVL;V jezírkách;AOPK ÈR - RP Støední Èechy
5386;CZ0210729;EVL;Vìtrušické rokle;AOPK ÈR - RP Støední Èechy
5387;CZ0210027;EVL;Vodìradské buèiny;AOPK ÈR - RP Støední Èechy
2622;CZ0214015;EVL;Vùznice;AOPK ÈR - RP Støední Èechy
2626;CZ0214003;EVL;Zlatı kùò;AOPK ÈR - RP Støední Èechy
5529;CZ0520604;EVL;Zdobnice - Øíèka;AOPK ÈR - RP Vıchodní Èechy, Krajskı úøad Královéhradeckého kraje
5534;CZ0530020;EVL;Høebeèovskı høbet;AOPK ÈR - RP Vıchodní Èechy, Krajskı úøad Pardubického kraje
2895;CZ0520519;EVL;Adršpašsko-teplické skály;AOPK ÈR - RP Vıchodní Èechy
2896;CZ0520028;EVL;Babièèino údolí - Rızmburk;AOPK ÈR - RP Vıchodní Èechy
2950;CZ0533308;EVL;Bohdaneèskı rybník;AOPK ÈR - RP Vıchodní Èechy
2898;CZ0520518;EVL;Broumovské stìny;AOPK ÈR - RP Vıchodní Èechy
5518;CZ0520507;EVL;Kozínek;AOPK ÈR - RP Vıchodní Èechy
2920;CZ0523280;EVL;Metuje a Døevíè;AOPK ÈR - RP Vıchodní Èechy
2927;CZ0524046;EVL;Orlické hory - sever;AOPK ÈR - RP Vıchodní Èechy
2928;CZ0520603;EVL;Panskı vrch;AOPK ÈR - RP Vıchodní Èechy
5523;CZ0525002;EVL;Øeøišnı u Machova;AOPK ÈR - RP Vıchodní Èechy
5543;CZ0530502;EVL;Semínskı pøesyp;AOPK ÈR - RP Vıchodní Èechy
5524;CZ0520508;EVL;Stárkovské buèiny;AOPK ÈR - RP Vıchodní Èechy
2938;CZ0520600;EVL;Trèkov;AOPK ÈR - RP Vıchodní Èechy
5526;CZ0523014;EVL;Vladivostok;AOPK ÈR - RP Vıchodní Èechy
5528;CZ0523267;EVL;Zaorlicko;AOPK ÈR - RP Vıchodní Èechy
5563;CZ0614134;EVL;Údolí Jihlavy;AOPK ÈR - RP Vysoèina, Krajskı úøad Jihomoravského kraje, Krajskı úøad Kraje Vysoèina
3025;CZ0614131;EVL;Údolí Oslavy a Chvojnice;Krajskı úøad Jihomoravského kraje, AOPK ÈR - RP Vysoèina, Krajskı úøad Kraje Vysoèina
3031;CZ0610170;EVL;Zhejral;AOPK ÈR - RP Vysoèina, Krajskı úøad Kraje Vysoèina
2959;CZ0533303;EVL;Chrudimka;AOPK ÈR - RP Vysoèina, Krajskı úøad Pardubického kraje
2984;CZ0613318;EVL;Babínskı rybník;AOPK ÈR - RP Vysoèina
2951;CZ0533685;EVL;Borová u Polièky;AOPK ÈR - RP Vysoèina
2953;CZ0533296;EVL;Boušovka;AOPK ÈR - RP Vysoèina
2987;CZ0614053;EVL;Dáøská rašeliništì;AOPK ÈR - RP Vysoèina
2989;CZ0613809;EVL;Dívka;AOPK ÈR - RP Vysoèina
6049;CZ0610514;EVL;Doubravníèek;AOPK ÈR - RP Vysoèina
5535;CZ0534054;EVL;Hubskı-Strádovka;AOPK ÈR - RP Vysoèina
6051;CZ0614136;EVL;Chotáry;AOPK ÈR - RP Vysoèina
6045;CZ0533696;EVL;Kochánovické rybníky a tùnì;AOPK ÈR - RP Vysoèina
5536;CZ0534053;EVL;Krkanka-Strádovské peklo;AOPK ÈR - RP Vysoèina
2967;CZ0530500;EVL;Lichnice - Kaòkovy hory;AOPK ÈR - RP Vysoèina
2999;CZ0615014;EVL;Louky u Èerného lesa;AOPK ÈR - RP Vysoèina
6046;CZ0533702;EVL;Louky v Jeníkovì;AOPK ÈR - RP Vysoèina
6054;CZ0614137;EVL;Maršálka;AOPK ÈR - RP Vysoèina
5558;CZ0613009;EVL;Niva Fryšávky;AOPK ÈR - RP Vysoèina
3006;CZ0612139;EVL;Pod Kamennım vrchem;AOPK ÈR - RP Vysoèina
6057;CZ0610519;EVL;Ranská jezírka;AOPK ÈR - RP Vysoèina
3009;CZ0610412;EVL;Ransko;AOPK ÈR - RP Vysoèina
2972;CZ0534055;EVL;Ratajské rybníky;AOPK ÈR - RP Vysoèina
2975;CZ0533501;EVL;Slavická obora;AOPK ÈR - RP Vysoèina
3016;CZ0613333;EVL;Stavištì;AOPK ÈR - RP Vysoèina
6058;CZ0610513;EVL;Suché kopce;AOPK ÈR - RP Vysoèina
3022;CZ0614059;EVL;Štíøí dùl - Øeka;AOPK ÈR - RP Vysoèina
5561;CZ0610056;EVL;Švaøec;AOPK ÈR - RP Vysoèina
2980;CZ0533301;EVL;Údolí Chrudimky;AOPK ÈR - RP Vysoèina
5564;CZ0613010;EVL;Údolí Svratky u Krásného;AOPK ÈR - RP Vysoèina
3029;CZ0610159;EVL;Velkı Špièák;AOPK ÈR - RP Vysoèina
3028;CZ0613338;EVL;Vetelské rybníky;AOPK ÈR - RP Vysoèina
6048;CZ0530504;EVL;Zubøí;AOPK ÈR - RP Vysoèina
5566;CZ0610401;EVL;ákova hora;AOPK ÈR - RP Vysoèina
3033;CZ0613700;EVL;ïár nad Sázavou - garáe;AOPK ÈR - RP Vysoèina
2688;CZ0314024;EVL;Šumava;Krajskı úøad Jihoèeského kraje, Krajskı úøad Plzeòského kraje, Správa NP Šumava
2634;CZ0314123;EVL;Boletice;AOPK ÈR - RP Jiní Èechy, Krajskı úøad Jihoèeského kraje, Správa NP Šumava, Újezdní úøad Boletice
3094;CZ0623324;EVL;Bobrùvka;Krajskı úøad Jihomoravského kraje, Krajskı úøad Kraje Vysoèina
5567;CZ0620194;EVL;Èepièkùv vrch a údolí Hodonínky;Krajskı úøad Jihomoravského kraje, Krajskı úøad Kraje Vysoèina
2995;CZ0610179;EVL;Jedlovı les a údolí Rokytné;Krajskı úøad Jihomoravského kraje, Krajskı úøad Kraje Vysoèina
3179;CZ0620132;EVL;Údolí Chlébského potoka;Krajskı úøad Jihomoravského kraje, Krajskı úøad Kraje Vysoèina
5537;CZ0530503;EVL;Litice;Krajskı úøad Pardubického kraje, Krajskı úøad Královéhradeckého kraje
2930;CZ0520009;EVL;Perna;Krajskı úøad Královéhradeckého kraje, Krajskı úøad Støedoèeského kraje
2867;CZ0510164;EVL;Kozlov - Tábor;Krajskı úøad Královéhradeckého kraje, Krajskı úøad Libereckého kraje
2926;CZ0524049;EVL;Orlice a Labe;Krajskı úøad Královéhradeckého kraje, Krajskı úøad Pardubického kraje
5530;CZ0530033;EVL;Bohdalov;Krajskı úøad Olomouckého kraje, Krajskı úøad Pardubického kraje
5374;CZ0210731;EVL;Øísnice;Krajskı úøad Jihoèeského kraje, Krajskı úøad Støedoèeského kraje
2588;CZ0213067;EVL;Sázava;Krajskı úøad Kraje Vysoèina, Krajskı úøad Støedoèeského kraje
5338;CZ0210101;EVL;Dymokursko;Krajskı úøad Královéhradeckého kraje, Krajskı úøad Støedoèeského kraje
5393;CZ0210175;EVL;lunice - Skochovice;Krajskı úøad Královéhradeckého kraje, Krajskı úøad Støedoèeského kraje
5474;CZ0420528;EVL;Klínovecké Krušnohoøí;Krajskı úøad Karlovarského kraje, Krajskı úøad Ústeckého kraje
3321;CZ0724091;EVL;Chøiby;Krajskı úøad Jihomoravského kraje, Krajskı úøad Zlínského kraje
3072;CZ0624066;EVL;Jasenová;Krajskı úøad Jihomoravského kraje, Krajskı úøad Zlínského kraje
5582;CZ0810035;EVL;Kojetínské vrchy;Krajskı úøad Moravskoslezského kraje, Krajskı úøad Zlínského kraje
3218;CZ0713375;EVL;Hustopeèe - Štìrkáè;Krajskı úøad Olomouckého kraje, Krajskı úøad Zlínského kraje
3219;CZ0710182;EVL;Choryòskı mokøad;Krajskı úøad Olomouckého kraje, Krajskı úøad Zlínského kraje
2517;CZ0213779;EVL;Bøeanské údolí;Krajskı úøad Støedoèeského kraje, Magistrát hlavního mìsta Prahy
5332;CZ0110154;EVL;Kaòon Vltavy u Sedlce;Krajskı úøad Støedoèeského kraje, Magistrát hlavního mìsta Prahy
5509;CZ0510028;EVL;Ralsko;AOPK ÈR - RP Liberecko, Krajskı úøad Libereckého kraje
6082;CZ0212024;EVL;Èervené dolíky;Krajskı úøad Støedoèeského kraje, AOPK ÈR - RP Støední Èechy
2630;CZ0313092;EVL;Bedøichovskı potok;Krajskı úøad Jihoèeského kraje
6039;CZ0310629;EVL;Blana;Krajskı úøad Jihoèeského kraje
2631;CZ0313805;EVL;Blanice;Krajskı úøad Jihoèeského kraje
2633;CZ0313094;EVL;Blatná;Krajskı úøad Jihoèeského kraje
2635;CZ0314021;EVL;Borkovická blata;Krajskı úøad Jihoèeského kraje
2637;CZ0313115;EVL;Boukal;Krajskı úøad Jihoèeského kraje
2641;CZ0312030;EVL;Èistá hora;Krajskı úøad Jihoèeského kraje
6041;CZ0310630;EVL;Ïáblík;Krajskı úøad Jihoèeského kraje
2642;CZ0315002;EVL;Dolejší rybník;Krajskı úøad Jihoèeského kraje
5395;CZ0310080;EVL;Dvoøištì;Krajskı úøad Jihoèeského kraje
2643;CZ0310001;EVL;Fabián - Homolka;Krajskı úøad Jihoèeského kraje
5396;CZ0310070;EVL;Hadí vrch;Krajskı úøad Jihoèeského kraje
2644;CZ0312032;EVL;Háje;Krajskı úøad Jihoèeského kraje
2646;CZ0313099;EVL;Hlubocké hráze;Krajskı úøad Jihoèeského kraje
2647;CZ0314126;EVL;Hlubocké obory;Krajskı úøad Jihoèeského kraje
2648;CZ0314022;EVL;Horní Malše;Krajskı úøad Jihoèeského kraje
2650;CZ0312033;EVL;Hroby;Krajskı úøad Jihoèeského kraje
2652;CZ0312034;EVL;Jaroškov;Krajskı úøad Jihoèeského kraje
5397;CZ0310010;EVL;Klokoèínské louky;Krajskı úøad Jihoèeského kraje
5399;CZ0313822;EVL;Koštìnickı potok;Krajskı úøad Jihoèeského kraje
2654;CZ0312036;EVL;Kozlovská stráò;Krajskı úøad Jihoèeského kraje
5400;CZ0310073;EVL;Králek;Krajskı úøad Jihoèeského kraje
2656;CZ0313635;EVL;Kratochvíle - zámek;Krajskı úøad Jihoèeského kraje
5401;CZ0310014;EVL;Libín;Krajskı úøad Jihoèeského kraje
2658;CZ0313103;EVL;Lom Skalka u Sepekova;Krajskı úøad Jihoèeského kraje
2663;CZ0313815;EVL;Malı Bukaè;Krajskı úøad Jihoèeského kraje
5402;CZ0314635;EVL;Mnišskı rybník;Krajskı úøad Jihoèeského kraje
2665;CZ0313110;EVL;Moravská Dyje;Krajskı úøad Jihoèeského kraje
5403;CZ0310084;EVL;Nerestskı lom;Krajskı úøad Jihoèeského kraje
2670;CZ0313114;EVL;Onšovice - Mlıny;Krajskı úøad Jihoèeského kraje
2671;CZ0314044;EVL;Opolenec;Krajskı úøad Jihoèeského kraje
5404;CZ0310074;EVL;Osika;Krajskı úøad Jihoèeského kraje
5405;CZ0310063;EVL;Pastvina u Pøešovic;Krajskı úøad Jihoèeského kraje
5406;CZ0314642;EVL;Pastvina u Zahorèic;Krajskı úøad Jihoèeského kraje
5408;CZ0310017;EVL;Plánièskı rybník-Bobovec;Krajskı úøad Jihoèeského kraje
5409;CZ0310057;EVL;Pohoøí na Šumavì;Krajskı úøad Jihoèeského kraje
2673;CZ0313820;EVL;Prachatice - kostel;Krajskı úøad Jihoèeského kraje
2676;CZ0313116;EVL;Radomilická mokøina;Krajskı úøad Jihoèeského kraje
2677;CZ0313513;EVL;Rašeliništì Kaplièky;Krajskı úøad Jihoèeského kraje
2678;CZ0313119;EVL;Rašeliništì Radlice;Krajskı úøad Jihoèeského kraje
5410;CZ0314637;EVL;Rašeliništì u Suchdola;Krajskı úøad Jihoèeského kraje
5412;CZ0310618;EVL;Rybník Motovidlo;Krajskı úøad Jihoèeského kraje
5413;CZ0310008;EVL;Rybník Rùe;Krajskı úøad Jihoèeského kraje
5411;CZ0314640;EVL;Rybník Walden;Krajskı úøad Jihoèeského kraje
5414;CZ0314639;EVL;Rybníky u Lovìtína;Krajskı úøad Jihoèeského kraje
5415;CZ0310067;EVL;Ryšovy;Krajskı úøad Jihoèeského kraje
6043;CZ0313824;EVL;Slavonické rybníky;Krajskı úøad Jihoèeského kraje
2682;CZ0313113;EVL;Sokolí hnízdo a baantnice;Krajskı úøad Jihoèeského kraje
2684;CZ0312226;EVL;Svatı Køí;Krajskı úøad Jihoèeského kraje
2686;CZ0313122;EVL;Štìkeò;Krajskı úøad Jihoèeského kraje
2689;CZ0313125;EVL;Tábor - Zahrádka;Krajskı úøad Jihoèeského kraje
5416;CZ0314636;EVL;Tejmlov - Nad Zavírkou;Krajskı úøad Jihoèeského kraje
2693;CZ0312050;EVL;Úbislav;Krajskı úøad Jihoèeského kraje
5418;CZ0310033;EVL;Údolí Lunice a Vlásenického potoka;Krajskı úøad Jihoèeského kraje
2694;CZ0313134;EVL;Újezdec;Krajskı úøad Jihoèeského kraje
5419;CZ0310020;EVL;Velkı a Malı Kamık;Krajskı úøad Jihoèeského kraje
5420;CZ0310009;EVL;Velkı Hodonickı rybník;Krajskı úøad Jihoèeského kraje
2696;CZ0313137;EVL;Veveøskı potok;Krajskı úøad Jihoèeského kraje
5421;CZ0310035;EVL;Vltava Romberk-Vìtøní;Krajskı úøad Jihoèeského kraje
5422;CZ0314638;EVL;Voseckı rybník;Krajskı úøad Jihoèeského kraje
2698;CZ0313138;EVL;Vrbenské rybníky;Krajskı úøad Jihoèeského kraje
5423;CZ0310022;EVL;Vıøí skály nad Otavou;Krajskı úøad Jihoèeského kraje
5424;CZ0310019;EVL;Zelendárky;Krajskı úøad Jihoèeského kraje
5425;CZ0314641;EVL;Zlatı potok v Pošumaví;Krajskı úøad Jihoèeského kraje
3389;CZ0620001;EVL;Bezourek;Krajskı úøad Jihomoravského kraje
3035;CZ0623803;EVL;Bezruèova alej;Krajskı úøad Jihomoravského kraje
3037;CZ0623035;EVL;Bílı kopec u Èejèe;Krajskı úøad Jihomoravského kraje
3038;CZ0622150;EVL;Biskoupskı kopec;Krajskı úøad Jihomoravského kraje
3039;CZ0623701;EVL;Blansko - kostel;Krajskı úøad Jihomoravského kraje
3040;CZ0623702;EVL;Borotín - zámek;Krajskı úøad Jihomoravského kraje
3041;CZ0624094;EVL;Bosonoskı hájek;Krajskı úøad Jihomoravského kraje
3042;CZ0623798;EVL;Boické rybníky;Krajskı úøad Jihomoravského kraje
3043;CZ0623772;EVL;Boickı mokøad;Krajskı úøad Jihomoravského kraje
3044;CZ0623003;EVL;Bøeclav - kaple u nádraí;Krajskı úøad Jihomoravského kraje
3045;CZ0623004;EVL;Bøeanka a Bøeanskı rybník;Krajskı úøad Jihomoravského kraje
3046;CZ0623775;EVL;Buèovice - zámek;Krajskı úøad Jihomoravského kraje
3047;CZ0620073;EVL;Bzenecká støelnice;Krajskı úøad Jihomoravského kraje
3048;CZ0623345;EVL;Citonice - rybník Skalka;Krajskı úøad Jihomoravského kraje
3049;CZ0623354;EVL;Crhov - Rozsíèka;Krajskı úøad Jihomoravského kraje
3051;CZ0623359;EVL;Èekál;Krajskı úøad Jihomoravského kraje
3054;CZ0622181;EVL;Èervené stránì;Krajskı úøad Jihomoravského kraje
3390;CZ0620002;EVL;Èlupy;Krajskı úøad Jihomoravského kraje
6075;CZ0620421;EVL;Damboøickı les;Krajskı úøad Jihomoravského kraje
3055;CZ0623703;EVL;Dìdice - kostel;Krajskı úøad Jihomoravského kraje
3057;CZ0623704;EVL;Dlouhá Lhota;Krajskı úøad Jihomoravského kraje
6062;CZ0620414;EVL;Dobrá studnì;Krajskı úøad Jihomoravského kraje
3058;CZ0623697;EVL;Doubravník - kostel;Krajskı úøad Jihomoravského kraje
3059;CZ0623799;EVL;Drnholeckı luh;Krajskı úøad Jihomoravského kraje
3391;CZ0620003;EVL;Dyjské svahy;Krajskı úøad Jihomoravského kraje
3061;CZ0623778;EVL;Emin zámeèek;Krajskı úøad Jihomoravského kraje
6063;CZ0620415;EVL;Haluzickı rybník;Krajskı úøad Jihomoravského kraje
3063;CZ0623010;EVL;Hevlínské jezero;Krajskı úøad Jihomoravského kraje
6064;CZ0620418;EVL;Hluboké louky;Krajskı úøad Jihomoravského kraje
3064;CZ0623807;EVL;Hobrtenky;Krajskı úøad Jihomoravského kraje
3393;CZ0620005;EVL;Hochberk;Krajskı úøad Jihomoravského kraje
3066;CZ0622007;EVL;Horky u Milotic;Krajskı úøad Jihomoravského kraje
3106;CZ0623358;EVL;Horní Mouøínovskı rybník;Krajskı úøad Jihomoravského kraje
3068;CZ0622009;EVL;Hovoranské louky;Krajskı úøad Jihomoravského kraje
3069;CZ0623040;EVL;Hovoranskı hájek;Krajskı úøad Jihomoravského kraje
3070;CZ0623348;EVL;Jankovec;Krajskı úøad Jihomoravského kraje
6065;CZ0620416;EVL;Jaroslavické komory;Krajskı úøad Jihomoravského kraje
3074;CZ0620162;EVL;Jeèmeništì;Krajskı úøad Jihomoravského kraje
3075;CZ0623041;EVL;Jevišovka;Krajskı úøad Jihomoravského kraje
3076;CZ0620078;EVL;Jezero;Krajskı úøad Jihomoravského kraje
5568;CZ0624236;EVL;Jiní svahy Hádù;Krajskı úøad Jihomoravského kraje
3394;CZ0620006;EVL;Kameníky;Krajskı úøad Jihomoravského kraje
3395;CZ0620007;EVL;Kamenná hora u Derflic;Krajskı úøad Jihomoravského kraje
3077;CZ0624067;EVL;Kamennı vrch;Krajskı úøad Jihomoravského kraje
3078;CZ0624115;EVL;Kamennı vrch u Kurdìjova;Krajskı úøad Jihomoravského kraje
3079;CZ0623368;EVL;Kaolinka;Krajskı úøad Jihomoravského kraje
3080;CZ0620177;EVL;Kapánsko;Krajskı úøad Jihomoravského kraje
3396;CZ0620008;EVL;Klínky;Krajskı úøad Jihomoravského kraje
3082;CZ0623800;EVL;Kníecí les;Krajskı úøad Jihomoravského kraje
6067;CZ0620417;EVL;Kobylská skála;Krajskı úøad Jihomoravského kraje
3083;CZ0622162;EVL;Kopeèky u Únanova;Krajskı úøad Jihomoravského kraje
3085;CZ0624064;EVL;Krumlovskı les;Krajskı úøad Jihomoravského kraje
3086;CZ0623709;EVL;Køetín - zámek;Krajskı úøad Jihomoravského kraje
3087;CZ0623710;EVL;Køtiny - kostel;Krajskı úøad Jihomoravského kraje
3088;CZ0624101;EVL;Kuntínov;Krajskı úøad Jihomoravského kraje
3089;CZ0624065;EVL;Kvìtnice;Krajskı úøad Jihomoravského kraje
5569;CZ0620204;EVL;Lapikus;Krajskı úøad Jihomoravského kraje
3090;CZ0623016;EVL;Lednice - zámek;Krajskı úøad Jihomoravského kraje
3091;CZ0623370;EVL;Letištì Marchanice;Krajskı úøad Jihomoravského kraje
6069;CZ0623820;EVL;Letištì Medlánky;Krajskı úøad Jihomoravského kraje
3092;CZ0623711;EVL;Lipov - kostel;Krajskı úøad Jihomoravského kraje
3093;CZ0623372;EVL;Lom u erùtek;Krajskı úøad Jihomoravského kraje
3095;CZ0622017;EVL;Louky pod Kumstátem;Krajskı úøad Jihomoravského kraje
3096;CZ0623355;EVL;Lovèickı potok a Jordánek;Krajskı úøad Jihomoravského kraje
3097;CZ0624129;EVL;Luèní údolí;Krajskı úøad Jihomoravského kraje
3098;CZ0624235;EVL;Malhostovické kopeèky;Krajskı úøad Jihomoravského kraje
3099;CZ0623357;EVL;Mašovickı lom;Krajskı úøad Jihomoravského kraje
3398;CZ0624001;EVL;Meandry Dyje;Krajskı úøad Jihomoravského kraje
6070;CZ0624238;EVL;Meandry Jihlavy;Krajskı úøad Jihomoravského kraje
3100;CZ0620101;EVL;Mikulovickı les;Krajskı úøad Jihomoravského kraje
3101;CZ0622166;EVL;Miliovy louky;Krajskı úøad Jihomoravského kraje
3102;CZ0623018;EVL;Milotice - letištì;Krajskı úøad Jihomoravského kraje
3399;CZ0620010;EVL;Modøické rameno;Krajskı úøad Jihomoravského kraje
3107;CZ0622168;EVL;Mušenice;Krajskı úøad Jihomoravského kraje
3108;CZ0624103;EVL;Mušovskı luh;Krajskı úøad Jihomoravského kraje
3110;CZ0622169;EVL;Na Kocourkách;Krajskı úøad Jihomoravského kraje
3111;CZ0622170;EVL;Na lesní horce;Krajskı úøad Jihomoravského kraje
3112;CZ0620154;EVL;Naèeratickı kopec;Krajskı úøad Jihomoravského kraje
3115;CZ0622172;EVL;Nad Vápenkou;Krajskı úøad Jihomoravského kraje
3116;CZ0622173;EVL;Netopırky;Krajskı úøad Jihomoravského kraje
3400;CZ0620011;EVL;Nové hory;Krajskı úøad Jihomoravského kraje
3118;CZ0623708;EVL;Novı zámek Jevišovice;Krajskı úøad Jihomoravského kraje
3119;CZ0624071;EVL;Oèov;Krajskı úøad Jihomoravského kraje
3120;CZ0620169;EVL;Ochùzky - Nedánov;Krajskı úøad Jihomoravského kraje
3121;CZ0623019;EVL;Oleksovická mokøina;Krajskı úøad Jihomoravského kraje
3123;CZ0620049;EVL;Paví kopec;Krajskı úøad Jihomoravského kraje
3124;CZ0622175;EVL;Pekárka;Krajskı úøad Jihomoravského kraje
3125;CZ0623808;EVL;Pisárky;Krajskı úøad Jihomoravského kraje
3126;CZ0623021;EVL;Píseènı rybník;Krajskı úøad Jihomoravského kraje
3401;CZ0620013;EVL;Pod Šibenièním kopcem;Krajskı úøad Jihomoravského kraje
3113;CZ0623344;EVL;Podkomorské lesy;Krajskı úøad Jihomoravského kraje
3034;CZ0623022;EVL;Pokran;Krajskı úøad Jihomoravského kraje
3130;CZ0620139;EVL;Polámanky;Krajskı úøad Jihomoravského kraje
3133;CZ0623329;EVL;Prudká;Krajskı úøad Jihomoravského kraje
3402;CZ0620014;EVL;Pøední kopaniny;Krajskı úøad Jihomoravského kraje
3135;CZ0623801;EVL;Pøísnotickı les;Krajskı úøad Jihomoravského kraje
5571;CZ0620245;EVL;Rakovecké údolí;Krajskı úøad Jihomoravského kraje
3136;CZ0623365;EVL;Rakšické louky;Krajskı úøad Jihomoravského kraje
3403;CZ0620016;EVL;Rašovickı zlom - Chobot;Krajskı úøad Jihomoravského kraje
3138;CZ0622142;EVL;Rojetínskı hadec;Krajskı úøad Jihomoravského kraje
3139;CZ0623713;EVL;Rosice - zámek;Krajskı úøad Jihomoravského kraje
6072;CZ0620412;EVL;Rozsypaná;Krajskı úøad Jihomoravského kraje
3140;CZ0620158;EVL;Rumunská baantnice;Krajskı úøad Jihomoravského kraje
3141;CZ0623782;EVL;Rybnièní zámeèek;Krajskı úøad Jihomoravského kraje
3143;CZ0620037;EVL;Sivickı les;Krajskı úøad Jihomoravského kraje
3144;CZ0624118;EVL;Skalky u Havraníkù;Krajskı úøad Jihomoravského kraje
3145;CZ0620048;EVL;Skalky u Sedlece;Krajskı úøad Jihomoravského kraje
3146;CZ0620031;EVL;Slanisko Dobré Pole;Krajskı úøad Jihomoravského kraje
3147;CZ0620187;EVL;Slanisko Novosedly;Krajskı úøad Jihomoravského kraje
3149;CZ0623025;EVL;Slavkovskı zámeckı park a aleje;Krajskı úøad Jihomoravského kraje
5572;CZ0620191;EVL;Sokolí skála;Krajskı úøad Jihomoravského kraje
3151;CZ0623707;EVL;Starı zámek Jevišovice;Krajskı úøad Jihomoravského kraje
3152;CZ0622217;EVL;Stepní stránì u Komoøan;Krajskı úøad Jihomoravského kraje
3404;CZ0620017;EVL;Straèí;Krajskı úøad Jihomoravského kraje
3156;CZ0624068;EVL;Stránická Morava;Krajskı úøad Jihomoravského kraje
3157;CZ0623797;EVL;Stránicko;Krajskı úøad Jihomoravského kraje
3158;CZ0623366;EVL;Støelická bainka;Krajskı úøad Jihomoravského kraje
3159;CZ0623026;EVL;Studánkovı vrch;Krajskı úøad Jihomoravského kraje
3161;CZ0624097;EVL;Šévy;Krajskı úøad Jihomoravského kraje
3162;CZ0622179;EVL;Širokı;Krajskı úøad Jihomoravského kraje
3163;CZ0620051;EVL;Šlapanické slepence;Krajskı úøad Jihomoravského kraje
3164;CZ0624112;EVL;Špice;Krajskı úøad Jihomoravského kraje
3050;CZ0624116;EVL;Špidláky;Krajskı úøad Jihomoravského kraje
3165;CZ0622221;EVL;Štìpánovskı lom;Krajskı úøad Jihomoravského kraje
3166;CZ0623027;EVL;Šumické rybníky;Krajskı úøad Jihomoravského kraje
3167;CZ0623011;EVL;Tasovickı lom;Krajskı úøad Jihomoravského kraje
3168;CZ0623717;EVL;Tavíkovice - zámek;Krajskı úøad Jihomoravského kraje
3169;CZ0623046;EVL;Trávní dvùr;Krajskı úøad Jihomoravského kraje
3170;CZ0625020;EVL;Trenckova rokle;Krajskı úøad Jihomoravského kraje
3171;CZ0622037;EVL;Trkmanec - Rybníèky;Krajskı úøad Jihomoravského kraje
3172;CZ0622026;EVL;Trkmanské louky;Krajskı úøad Jihomoravského kraje
3174;CZ0624106;EVL;Tvoøihrázskı les;Krajskı úøad Jihomoravského kraje
3175;CZ0623367;EVL;U Huberta;Krajskı úøad Jihomoravského kraje
3176;CZ0622223;EVL;U kaplièky;Krajskı úøad Jihomoravského kraje
3177;CZ0622224;EVL;U Michálka;Krajskı úøad Jihomoravského kraje
3178;CZ0624095;EVL;Údolí Dyje;Krajskı úøad Jihomoravského kraje
3180;CZ0624132;EVL;Údolí Svitavy;Krajskı úøad Jihomoravského kraje
3181;CZ0623718;EVL;Uherèice - zámek;Krajskı úøad Jihomoravského kraje
3182;CZ0623793;EVL;Úvalskı rybník;Krajskı úøad Jihomoravského kraje
3122;CZ0622174;EVL;V Jezdinách;Krajskı úøad Jihomoravského kraje
3183;CZ0620181;EVL;Valtrovickı luh;Krajskı úøad Jihomoravského kraje
3185;CZ0622161;EVL;Ve lebì;Krajskı úøad Jihomoravského kraje
3073;CZ0623349;EVL;Velickı hliník;Krajskı úøad Jihomoravského kraje
6076;CZ0622226;EVL;Velkı kopec;Krajskı úøad Jihomoravského kraje
3186;CZ0620103;EVL;Vìteøovská vrchovina;Krajskı úøad Jihomoravského kraje
3187;CZ0622184;EVL;Visengrunty;Krajskı úøad Jihomoravského kraje
6077;CZ0622227;EVL;Volkramy;Krajskı úøad Jihomoravského kraje
3190;CZ0620084;EVL;Vranovickı a Plaèkùv les;Krajskı úøad Jihomoravského kraje
3191;CZ0620055;EVL;Vrbickı hájek;Krajskı úøad Jihomoravského kraje
3192;CZ0623030;EVL;Vrboveckı rybník;Krajskı úøad Jihomoravského kraje
3193;CZ0623031;EVL;Vypálenky;Krajskı úøad Jihomoravského kraje
3194;CZ0620056;EVL;Vırovické kopce;Krajskı úøad Jihomoravského kraje
6042;CZ0620413;EVL;Vırovy skály;Krajskı úøad Jihomoravského kraje
3196;CZ0622219;EVL;Zápovìï u Karlína;Krajskı úøad Jihomoravského kraje
3197;CZ0624108;EVL;Zimarky;Krajskı úøad Jihomoravského kraje
3199;CZ0620120;EVL;Zlobice;Krajskı úøad Jihomoravského kraje
3201;CZ0623034;EVL;Znojmo - Kostel Nalezení sv. køíe;Krajskı úøad Jihomoravského kraje
3202;CZ0620076;EVL;Zøídla u Nesvaèilky;Krajskı úøad Jihomoravského kraje
3203;CZ0622167;EVL;ebìtín;Krajskı úøad Jihomoravského kraje
3204;CZ0623032;EVL;idlochovickı zámeckı park;Krajskı úøad Jihomoravského kraje
2752;CZ0410023;EVL;Blaejskı rybník;Krajskı úøad Karlovarského kraje
2754;CZ0413174;EVL;Borecké rybníky;Krajskı úøad Karlovarského kraje
5444;CZ0413014;EVL;Høivínovské pastviny;Krajskı úøad Karlovarského kraje
5445;CZ0410018;EVL;Jezerskı vrch;Krajskı úøad Karlovarského kraje
6066;CZ0410439;EVL;Lítovskı mokøad;Krajskı úøad Karlovarského kraje
2765;CZ0414027;EVL;Lomnickı rybník;Krajskı úøad Karlovarského kraje
5446;CZ0413015;EVL;Louky u Dlouhé Lomnice;Krajskı úøad Karlovarského kraje
2766;CZ0413185;EVL;Matyáš;Krajskı úøad Karlovarského kraje
5447;CZ0410038;EVL;Mechové údolí;Krajskı úøad Karlovarského kraje
5450;CZ0413013;EVL;Mokøady u Tìšetic;Krajskı úøad Karlovarského kraje
2771;CZ0413190;EVL;Ostrovské rybníky;Krajskı úøad Karlovarského kraje
5452;CZ0410040;EVL;Pernink;Krajskı úøad Karlovarského kraje
5454;CZ0413007;EVL;Prachomety;Krajskı úøad Karlovarského kraje
5456;CZ0410020;EVL;Ramena Ohøe;Krajskı úøad Karlovarského kraje
2776;CZ0410155;EVL;Rudné;Krajskı úøad Karlovarského kraje
2779;CZ0413194;EVL;Støela;Krajskı úøad Karlovarského kraje
5458;CZ0410046;EVL;Šibenièní vrch;Krajskı úøad Karlovarského kraje
5459;CZ0410047;EVL;Štítarskı rybník;Krajskı úøad Karlovarského kraje
5460;CZ0410001;EVL;Tisovec;Krajskı úøad Karlovarského kraje
2781;CZ0413196;EVL;Tıništì;Krajskı úøad Karlovarského kraje
5463;CZ0413017;EVL;U Jedlové;Krajskı úøad Karlovarského kraje
2782;CZ0413193;EVL;U sedmi rybníkù;Krajskı úøad Karlovarského kraje
2784;CZ0410151;EVL;Vladaø;Krajskı úøad Karlovarského kraje
2785;CZ0410168;EVL;Vysoká Pec;Krajskı úøad Karlovarského kraje
2786;CZ0410176;EVL;Vysokı kámen;Krajskı úøad Karlovarského kraje
5464;CZ0413173;EVL;Za Údrèí;Krajskı úøad Karlovarského kraje
2983;CZ0610175;EVL;Baba a Belfrídskı potok;Krajskı úøad Kraje Vysoèina
2985;CZ0613695;EVL;Biskupice - kostel;Krajskı úøad Kraje Vysoèina
2986;CZ0613696;EVL;Biskupice - škola;Krajskı úøad Kraje Vysoèina
5547;CZ0613004;EVL;Bøevnickı potok;Krajskı úøad Kraje Vysoèina
2988;CZ0612133;EVL;Dìdkovo;Krajskı úøad Kraje Vysoèina
2990;CZ0612134;EVL;Dolní rybník u Újezda;Krajskı úøad Kraje Vysoèina
5548;CZ0610030;EVL;Doupskı a Baantka;Krajskı úøad Kraje Vysoèina
2991;CZ0613319;EVL;Fickù rybník;Krajskı úøad Kraje Vysoèina
5549;CZ0610025;EVL;Habrová seè;Krajskı úøad Kraje Vysoèina
6050;CZ0610516;EVL;Hajnice;Krajskı úøad Kraje Vysoèina
5550;CZ0610022;EVL;Havranka;Krajskı úøad Kraje Vysoèina
2992;CZ0612135;EVL;Hodíškovskı rybník;Krajskı úøad Kraje Vysoèina
5551;CZ0610029;EVL;Horní Mrzatec;Krajskı úøad Kraje Vysoèina
2993;CZ0610145;EVL;Hroznìtínská louka a olšina;Krajskı úøad Kraje Vysoèina
2996;CZ0613698;EVL;Jeøišno-Heømaò;Krajskı úøad Kraje Vysoèina
5552;CZ0614132;EVL;Kamenickı rybník;Krajskı úøad Kraje Vysoèina
6052;CZ0610515;EVL;Kamennı vrch u Heraltic;Krajskı úøad Kraje Vysoèina
2997;CZ0612136;EVL;Kobylinec;Krajskı úøad Kraje Vysoèina
2998;CZ0613322;EVL;Koupalištì u Bohuslavic;Krajskı úøad Kraje Vysoèina
5553;CZ0614133;EVL;Kozének;Krajskı úøad Kraje Vysoèina
5554;CZ0610512;EVL;Lunı rybník;Krajskı úøad Kraje Vysoèina
5555;CZ0613003;EVL;Maršovec a Èepièka;Krajskı úøad Kraje Vysoèina
5556;CZ0613005;EVL;Martinickı potok;Krajskı úøad Kraje Vysoèina
3001;CZ0614054;EVL;Na Oklice;Krajskı úøad Kraje Vysoèina
5557;CZ0613012;EVL;Na Ostráné;Krajskı úøad Kraje Vysoèina
3002;CZ0613699;EVL;Námìš nad Oslavou - zámeèek;Krajskı úøad Kraje Vysoèina
3003;CZ0613816;EVL;Námìšská obora;Krajskı úøad Kraje Vysoèina
6055;CZ0610517;EVL;Niva Doubravy;Krajskı úøad Kraje Vysoèina
3004;CZ0613327;EVL;Nová Øíše;Krajskı úøad Kraje Vysoèina
3005;CZ0612137;EVL;Obecník;Krajskı úøad Kraje Vysoèina
6056;CZ0610518;EVL;Opatovské zákopy;Krajskı úøad Kraje Vysoèina
3007;CZ0612140;EVL;Podvesník;Krajskı úøad Kraje Vysoèina
3008;CZ0612141;EVL;Ptáèovskı kopeèek;Krajskı úøad Kraje Vysoèina
3010;CZ0613328;EVL;Rašelinné jezírko Rosièka;Krajskı úøad Kraje Vysoèina
5559;CZ0613002;EVL;Roštejnská obora;Krajskı úøad Kraje Vysoèina
3012;CZ0612143;EVL;Rybník u Zadního Zhoøce;Krajskı úøad Kraje Vysoèina
3013;CZ0614052;EVL;Rybníky u Rudolce;Krajskı úøad Kraje Vysoèina
3014;CZ0614058;EVL;Rybníky V Pouštích;Krajskı úøad Kraje Vysoèina
3015;CZ0612145;EVL;Rychtáøskı rybník;Krajskı úøad Kraje Vysoèina
3017;CZ0612149;EVL;Suché skály;Krajskı úøad Kraje Vysoèina
5560;CZ0613013;EVL;Šilhánky;Krajskı úøad Kraje Vysoèina
3018;CZ0615018;EVL;Šimanovské rašeliništì;Krajskı úøad Kraje Vysoèina
3020;CZ0613332;EVL;Šlapanka a Zlatı potok;Krajskı úøad Kraje Vysoèina
3021;CZ0612147;EVL;Špilberk;Krajskı úøad Kraje Vysoèina
3023;CZ0613334;EVL;Trnava;Krajskı úøad Kraje Vysoèina
3024;CZ0613335;EVL;U Borovné;Krajskı úøad Kraje Vysoèina
5562;CZ0610005;EVL;U Hamrù;Krajskı úøad Kraje Vysoèina
6059;CZ0614135;EVL;U Milièovska;Krajskı úøad Kraje Vysoèina
3026;CZ0613336;EVL;V Kopaninách;Krajskı úøad Kraje Vysoèina
3027;CZ0614056;EVL;V Lisovech;Krajskı úøad Kraje Vysoèina
3030;CZ0610003;EVL;Vysokı kámen u Smrèné;Krajskı úøad Kraje Vysoèina
5565;CZ0615001;EVL;Zajeèí skok;Krajskı úøad Kraje Vysoèina
3032;CZ0614057;EVL;Znìtínské rybníky;Krajskı úøad Kraje Vysoèina
5512;CZ0525001;EVL;Bainy;Krajskı úøad Královéhradeckého kraje
6040;CZ0523824;EVL;Bìleè - støelnice;Krajskı úøad Královéhradeckého kraje
2897;CZ0523669;EVL;Bílá Tøemešná;Krajskı úøad Královéhradeckého kraje
2899;CZ0520178;EVL;Bøezinka;Krajskı úøad Královéhradeckého kraje
2900;CZ0523264;EVL;Bystøice;Krajskı úøad Královéhradeckého kraje
2901;CZ0524048;EVL;Byšièky;Krajskı úøad Královéhradeckého kraje
2903;CZ0523265;EVL;Èervená Tøemešná - rybník;Krajskı úøad Královéhradeckého kraje
5513;CZ0520038;EVL;Èešovské lesy;Krajskı úøad Královéhradeckého kraje
5514;CZ0523007;EVL;Dìdina u Dobrušky;Krajskı úøad Královéhradeckého kraje
2905;CZ0523268;EVL;Dubno - Èeská Skalice;Krajskı úøad Královéhradeckého kraje
2906;CZ0524050;EVL;Halín;Krajskı úøad Královéhradeckého kraje
5515;CZ0523002;EVL;Hlubokı Kovaè;Krajskı úøad Královéhradeckého kraje
2907;CZ0520020;EVL;Hrádeèek;Krajskı úøad Královéhradeckého kraje
5516;CZ0522002;EVL;Hustíøanskı les;Krajskı úøad Královéhradeckého kraje
2909;CZ0523273;EVL;Javorka a Cidlina - Sbìø;Krajskı úøad Královéhradeckého kraje
2910;CZ0523675;EVL;Jièínìves - zámek;Krajskı úøad Královéhradeckého kraje
2911;CZ0523676;EVL;Josefov - pevnost;Krajskı úøad Královéhradeckého kraje
2912;CZ0523275;EVL;Kaèerov;Krajskı úøad Královéhradeckého kraje
5517;CZ0520008;EVL;Kamenná;Krajskı úøad Královéhradeckého kraje
2913;CZ0523276;EVL;Kanice - lesní rybník;Krajskı úøad Královéhradeckého kraje
2916;CZ0523277;EVL;Labe - Hostinné;Krajskı úøad Královéhradeckého kraje
2917;CZ0523274;EVL;Libosad - obora;Krajskı úøad Královéhradeckého kraje
2918;CZ0523823;EVL;Luèní potok v Podkrkonoší;Krajskı úøad Královéhradeckého kraje
2919;CZ0523279;EVL;Lukaveckı potok;Krajskı úøad Královéhradeckého kraje
2921;CZ0520022;EVL;Miletínská baantnice;Krajskı úøad Královéhradeckého kraje
5519;CZ0523010;EVL;Na Plachtì;Krajskı úøad Královéhradeckého kraje
2922;CZ0523282;EVL;Nadslav;Krajskı úøad Královéhradeckého kraje
2923;CZ0520030;EVL;Nechanice - Lodín;Krajskı úøad Královéhradeckého kraje
2924;CZ0523283;EVL;Olešnice;Krajskı úøad Královéhradeckého kraje
2925;CZ0523284;EVL;Opoèno;Krajskı úøad Královéhradeckého kraje
2929;CZ0524047;EVL;Peklo;Krajskı úøad Královéhradeckého kraje
2931;CZ0523680;EVL;Pevnost Dobrošov;Krajskı úøad Královéhradeckého kraje
5520;CZ0523006;EVL;Piletickı a Librantickı potok;Krajskı úøad Královéhradeckého kraje
5521;CZ0523011;EVL;Pod Rızmburkem;Krajskı úøad Královéhradeckého kraje
2932;CZ0523286;EVL;Rybník Smrkovák;Krajskı úøad Královéhradeckého kraje
5522;CZ0523003;EVL;Rybník Strašidlo;Krajskı úøad Královéhradeckého kraje
2934;CZ0523266;EVL;Slatinná louka u Roudnièky;Krajskı úøad Královéhradeckého kraje
2935;CZ0523288;EVL;Stará Metuje;Krajskı úøad Královéhradeckého kraje
2936;CZ0523682;EVL;Staré Hrady - zámek;Krajskı úøad Královéhradeckého kraje
2937;CZ0523683;EVL;Štola Portál;Krajskı úøad Královéhradeckého kraje
5525;CZ0523005;EVL;Tuøí rybník;Krajskı úøad Královéhradeckého kraje
2939;CZ0523290;EVL;Tınišské Poorlièí;Krajskı úøad Královéhradeckého kraje
2940;CZ0523291;EVL;Uhøínov - Benátky;Krajskı úøad Královéhradeckého kraje
2941;CZ0520184;EVL;Veselskı háj;Krajskı úøad Královéhradeckého kraje
2942;CZ0523293;EVL;Víno;Krajskı úøad Královéhradeckého kraje
2943;CZ0522127;EVL;Vraba;Krajskı úøad Královéhradeckého kraje
2944;CZ0522129;EVL;Zadní Machová;Krajskı úøad Královéhradeckého kraje
5527;CZ0523009;EVL;Zámek v Kostelci nad Orlicí;Krajskı úøad Královéhradeckého kraje
2945;CZ0524045;EVL;Zbytka;Krajskı úøad Královéhradeckého kraje
2853;CZ0513238;EVL;Cihelenské rybníky;Krajskı úøad Libereckého kraje
5506;CZ0515001;EVL;Èervenı rybník;Krajskı úøad Libereckého kraje
2854;CZ0513237;EVL;Èeská Lípa - mokøad v nivì Šporky;Krajskı úøad Libereckého kraje
2855;CZ0513658;EVL;Èeskı Dub - základní umìlecká škola;Krajskı úøad Libereckého kraje
2856;CZ0513659;EVL;Doksy - zámek;Krajskı úøad Libereckého kraje
2859;CZ0513240;EVL;Janovické rybníky;Krajskı úøad Libereckého kraje
2868;CZ0513662;EVL;Lemberk - zámek;Krajskı úøad Libereckého kraje
2869;CZ0513254;EVL;Luèní potok;Krajskı úøad Libereckého kraje
2870;CZ0513244;EVL;Manušické rybníky;Krajskı úøad Libereckého kraje
2880;CZ0513251;EVL;Rokytka;Krajskı úøad Libereckého kraje
2882;CZ0513665;EVL;Skalice u Èeské Lípy;Krajskı úøad Libereckého kraje
2884;CZ0513256;EVL;Smìdá;Krajskı úøad Libereckého kraje
2886;CZ0513257;EVL;Strunické rybníky;Krajskı úøad Libereckého kraje
5511;CZ0514672;EVL;Údolí Jizery a Kamenice;Krajskı úøad Libereckého kraje
2890;CZ0514668;EVL;Vápenice - Basa;Krajskı úøad Libereckého kraje
2892;CZ0513508;EVL;Zahrádky;Krajskı úøad Libereckého kraje
2893;CZ0514667;EVL;Západní jeskynì;Krajskı úøad Libereckého kraje
2894;CZ0513668;EVL;Zdislava - kostel;Krajskı úøad Libereckého kraje
3271;CZ0813770;EVL;Èermná - dùl Potlachovı;Krajskı úøad Moravskoslezského kraje
3272;CZ0813760;EVL;Èernı dùl;Krajskı úøad Moravskoslezského kraje
5579;CZ0810001;EVL;Èervenı kámen;Krajskı úøad Moravskoslezského kraje
3273;CZ0813439;EVL;Dìhylovskı potok - Štìpán;Krajskı úøad Moravskoslezského kraje
3274;CZ0813442;EVL;Dolní Marklovice;Krajskı úøad Moravskoslezského kraje
3276;CZ0813444;EVL;Heømanickı rybník;Krajskı úøad Moravskoslezského kraje
5580;CZ0810423;EVL;Hnìvošickı háj;Krajskı úøad Moravskoslezského kraje
3278;CZ0813810;EVL;Horní Odra;Krajskı úøad Moravskoslezského kraje
5581;CZ0814093;EVL;Hranièní meandry Odry;Krajskı úøad Moravskoslezského kraje
3279;CZ0813447;EVL;Hukvaldy;Krajskı úøad Moravskoslezského kraje
3280;CZ0813448;EVL;Jakartovice;Krajskı úøad Moravskoslezského kraje
3282;CZ0813449;EVL;Jilešovice - Dìhylov;Krajskı úøad Moravskoslezského kraje
3284;CZ0813451;EVL;Karviná - rybníky;Krajskı úøad Moravskoslezského kraje
5583;CZ0810021;EVL;Libotín;Krajskı úøad Moravskoslezského kraje
3287;CZ0813455;EVL;Mokøad u Rondelu;Krajskı úøad Moravskoslezského kraje
3288;CZ0813456;EVL;Moravice;Krajskı úøad Moravskoslezského kraje
3290;CZ0813457;EVL;Niva Olše - Vìøòovice;Krajskı úøad Moravskoslezského kraje
3291;CZ0813516;EVL;Olše;Krajskı úøad Moravskoslezského kraje
3292;CZ0813460;EVL;Osoblaskı vıbìek;Krajskı úøad Moravskoslezského kraje
5584;CZ0810031;EVL;Palkovické hùrky;Krajskı úøad Moravskoslezského kraje
3294;CZ0813463;EVL;Paskov;Krajskı úøad Moravskoslezského kraje
3297;CZ0813462;EVL;Øeka Ostravice;Krajskı úøad Moravskoslezského kraje
3298;CZ0815031;EVL;Skalské rašeliništì;Krajskı úøad Moravskoslezského kraje
6073;CZ0810424;EVL;Skuèák;Krajskı úøad Moravskoslezského kraje
3301;CZ0813469;EVL;Staré hliništì;Krajskı úøad Moravskoslezského kraje
3302;CZ0813764;EVL;Staré Oldøùvky;Krajskı úøad Moravskoslezského kraje
3293;CZ0813461;EVL;Šilheøovice;Krajskı úøad Moravskoslezského kraje
3307;CZ0813766;EVL;Štola Jakartovice;Krajskı úøad Moravskoslezského kraje
3309;CZ0813475;EVL;Václavovice - pískovna;Krajskı úøad Moravskoslezského kraje
3310;CZ0813767;EVL;Záluná;Krajskı úøad Moravskoslezského kraje
6074;CZ0810425;EVL;ermanickı lom;Krajskı úøad Moravskoslezského kraje
3206;CZ0713720;EVL;Bílá Lhota;Krajskı úøad Olomouckého kraje
6079;CZ0710505;EVL;Brániska;Krajskı úøad Olomouckého kraje
3208;CZ0713723;EVL;Èechy pod Kosíøem;Krajskı úøad Olomouckého kraje
3209;CZ0713724;EVL;Èerná Voda - kostel;Krajskı úøad Olomouckého kraje
3210;CZ0713725;EVL;Èerná Voda - kulturní dùm;Krajskı úøad Olomouckého kraje
5573;CZ0713008;EVL;Deylùv ostrùvek;Krajskı úøad Olomouckého kraje
3211;CZ0713394;EVL;Dolní a Prostøední Svrèov;Krajskı úøad Olomouckého kraje
3212;CZ0710006;EVL;Døevohostickı les;Krajskı úøad Olomouckého kraje
3213;CZ0714084;EVL;Hadce a buèiny u Raškova;Krajskı úøad Olomouckého kraje
3214;CZ0713726;EVL;Hanušovice - kostel;Krajskı úøad Olomouckého kraje
3215;CZ0713374;EVL;Horní Morava;Krajskı úøad Olomouckého kraje
3220;CZ0712187;EVL;Chrastickı hadec;Krajskı úøad Olomouckého kraje
3221;CZ0713728;EVL;Chudobín;Krajskı úøad Olomouckého kraje
3225;CZ0710161;EVL;Království;Krajskı úøad Olomouckého kraje
5575;CZ0710034;EVL;Lánskı luh;Krajskı úøad Olomouckého kraje
3226;CZ0710007;EVL;Lesy u Bezuchova;Krajskı úøad Olomouckého kraje
3228;CZ0713734;EVL;Libina - U Èernuškù;Krajskı úøad Olomouckého kraje
3229;CZ0713735;EVL;Lipová-láznì - mateøská školka;Krajskı úøad Olomouckého kraje
3231;CZ0714083;EVL;Malı Kosíø;Krajskı úøad Olomouckého kraje
3234;CZ0713383;EVL;Ohrozim - Horka;Krajskı úøad Olomouckého kraje
3235;CZ0713736;EVL;Otaslavice - kostel;Krajskı úøad Olomouckého kraje
3236;CZ0713385;EVL;Píseèná - mokøad;Krajskı úøad Olomouckého kraje
3237;CZ0712189;EVL;Pod Rudnım vrchem;Krajskı úøad Olomouckého kraje
5577;CZ0710004;EVL;Pod Trlinou;Krajskı úøad Olomouckého kraje
6080;CZ0712226;EVL;Poláchovy stránì - Vıøí skály;Krajskı úøad Olomouckého kraje
3240;CZ0713388;EVL;Protivanov;Krajskı úøad Olomouckého kraje
3241;CZ0710148;EVL;Pøestavlckı les;Krajskı úøad Olomouckého kraje
5578;CZ0713004;EVL;Raèinka;Krajskı úøad Olomouckého kraje
3244;CZ0713739;EVL;Ruda nad Moravou;Krajskı úøad Olomouckého kraje
3245;CZ0710183;EVL;Rychlebské hory - Raèí údolí;Krajskı úøad Olomouckého kraje
3247;CZ0713740;EVL;Sobotín - domov dùchodcù;Krajskı úøad Olomouckého kraje
3248;CZ0713741;EVL;Soudkova štola;Krajskı úøad Olomouckého kraje
6081;CZ0713827;EVL;Stará Èervená Voda - lesní komplex;Krajskı úøad Olomouckého kraje
3249;CZ0712191;EVL;Stráò nad Huskım potokem;Krajskı úøad Olomouckého kraje
3251;CZ0713742;EVL;Štola Marie Pomocná;Krajskı úøad Olomouckého kraje
3252;CZ0713743;EVL;Štola Maøka;Krajskı úøad Olomouckého kraje
3254;CZ0713391;EVL;Tın nad Beèvou;Krajskı úøad Olomouckého kraje
3255;CZ0712192;EVL;U Bílıch hlín;Krajskı úøad Olomouckého kraje
3256;CZ0712193;EVL;U Strejèkova lomu;Krajskı úøad Olomouckého kraje
3257;CZ0714772;EVL;Údolí Bystøice;Krajskı úøad Olomouckého kraje
3260;CZ0713526;EVL;Velká Støelná - štoly;AOPK ÈR - RP Olomoucko
3261;CZ0713745;EVL;Velké Losiny - lázeòskı dùm Eliška;Krajskı úøad Olomouckého kraje
3262;CZ0713746;EVL;Veselíèko;Krajskı úøad Olomouckého kraje
3263;CZ0713395;EVL;Vidnava;Krajskı úøad Olomouckého kraje
3264;CZ0713747;EVL;Vlkoš - statek;Krajskı úøad Olomouckého kraje
3267;CZ0713397;EVL;Zlaté Hory - Èerné jezero;Krajskı úøad Olomouckého kraje
3268;CZ0713398;EVL;Zlaté Hory - Zlaté jezero;Krajskı úøad Olomouckého kraje
3269;CZ0712197;EVL;ïár;Krajskı úøad Olomouckého kraje
2947;CZ0534051;EVL;Anenské údolí;Krajskı úøad Pardubického kraje
2948;CZ0533295;EVL;Bìstvina;Krajskı úøad Pardubického kraje
2949;CZ0533684;EVL;Bìstvina - krypta;Krajskı úøad Pardubického kraje
2952;CZ0533686;EVL;Bouda u Tìchonína;Krajskı úøad Pardubického kraje
5531;CZ0530501;EVL;Brandıs;Krajskı úøad Pardubického kraje
2954;CZ0533297;EVL;Buky u Vysokého Chvojna;Krajskı úøad Pardubického kraje
2955;CZ0534050;EVL;Èernı Nadımaè;Krajskı úøad Pardubického kraje
5532;CZ0534052;EVL;Dolní Chrudimka;Krajskı úøad Pardubického kraje
5533;CZ0530037;EVL;Heme-Mıtkov;Krajskı úøad Pardubického kraje
2956;CZ0533300;EVL;Heømanùv Mìstec;Krajskı úøad Pardubického kraje
2957;CZ0533310;EVL;Hlubokı rybník;Krajskı úøad Pardubického kraje
2958;CZ0533302;EVL;Choltická obora;Krajskı úøad Pardubického kraje
2962;CZ0533687;EVL;Jeskynì Bìtník;Krajskı úøad Pardubického kraje
2963;CZ0533688;EVL;Jeskynì u Horního Újezda;Krajskı úøad Pardubického kraje
6044;CZ0533698;EVL;Kladruby nad Labem;Krajskı úøad Pardubického kraje
2965;CZ0533307;EVL;Kunìtická hora;Krajskı úøad Pardubického kraje
2966;CZ0530174;EVL;Lanškrounské rybníky;Krajskı úøad Pardubického kraje
6201;CZ0537011;EVL;Louky u Pøelouèe;Krajskı úøad Pardubického kraje
5538;CZ0533002;EVL;Malá Straka;Krajskı úøad Pardubického kraje
5539;CZ0530064;EVL;Mazurovy chalupy;Krajskı úøad Pardubického kraje
5540;CZ0533012;EVL;Michnovka-Pravy;Krajskı úøad Pardubického kraje
5541;CZ0530034;EVL;Moravská Sázava;Krajskı úøad Pardubického kraje
2969;CZ0533309;EVL;Pardubice - zámek;Krajskı úøad Pardubického kraje
2970;CZ0533691;EVL;Paøíov;Krajskı úøad Pardubického kraje
2971;CZ0533693;EVL;Podolská a Páterova jeskynì;Krajskı úøad Pardubického kraje
5542;CZ0530027;EVL;Psí kuchynì;Krajskı úøad Pardubického kraje
2973;CZ0533312;EVL;Rybník Moøe;Krajskı úøad Pardubického kraje
6047;CZ0533697;EVL;Rybník Strach;Krajskı úøad Pardubického kraje
2974;CZ0530149;EVL;Rychnovskı vrch;Krajskı úøad Pardubického kraje
2976;CZ0532132;EVL;Støemošická stráò;Krajskı úøad Pardubického kraje
2977;CZ0533314;EVL;Tichá Orlice;Krajskı úøad Pardubického kraje
2979;CZ0532131;EVL;U Banínského viaduktu;Krajskı úøad Pardubického kraje
5544;CZ0533005;EVL;U Pohránovského rybníka;Krajskı úøad Pardubického kraje
2981;CZ0533316;EVL;Uhersko;Krajskı úøad Pardubického kraje
5545;CZ0530028;EVL;Vadìtín - Lanšperk;Krajskı úøad Pardubického kraje
2982;CZ0533694;EVL;Vranová Lhota;Krajskı úøad Pardubického kraje
5546;CZ0530021;EVL;ernov;Krajskı úøad Pardubického kraje
2704;CZ0323142;EVL;Berounka;Krajskı úøad Plzeòského kraje
2705;CZ0323143;EVL;Blovice;Krajskı úøad Plzeòského kraje
2706;CZ0323144;EVL;Bonìtice;Krajskı úøad Plzeòského kraje
5427;CZ0320023;EVL;Èepièná;Krajskı úøad Plzeòského kraje
2709;CZ0323147;EVL;Darmyšl - pískovna;Krajskı úøad Plzeòského kraje
6060;CZ0323826;EVL;Dobøany;Krajskı úøad Plzeòského kraje
2710;CZ0323636;EVL;Dolany - kostel;Krajskı úøad Plzeòského kraje
2711;CZ0322055;EVL;Drahotínskı les;Krajskı úøad Plzeòského kraje
5428;CZ0323825;EVL;Hadovka;Krajskı úøad Plzeòského kraje
5430;CZ0325001;EVL;Hrádecká bahna;Krajskı úøad Plzeòského kraje
5431;CZ0325002;EVL;Hùrky;Krajskı úøad Plzeòského kraje
2714;CZ0323149;EVL;Kakejcov;Krajskı úøad Plzeòského kraje
2715;CZ0323150;EVL;Kamenec;Krajskı úøad Plzeòského kraje
2716;CZ0324025;EVL;Kaòon Støely;Krajskı úøad Plzeòského kraje
2718;CZ0323812;EVL;Klabava;Krajskı úøad Plzeòského kraje
2719;CZ0323639;EVL;Liblín - lihovar;Krajskı úøad Plzeòského kraje
2720;CZ0323155;EVL;Lopata;Krajskı úøad Plzeòského kraje
2721;CZ0323640;EVL;Manìtín - kostel;Krajskı úøad Plzeòského kraje
2723;CZ0322057;EVL;Maòovickı rybník;Krajskı úøad Plzeòského kraje
6061;CZ0325003;EVL;Netøeb;Krajskı úøad Plzeòského kraje
2726;CZ0323158;EVL;Osek - rybník Labutinka;Krajskı úøad Plzeòského kraje
2727;CZ0323824;EVL;Ostruná;Krajskı úøad Plzeòského kraje
2729;CZ0323159;EVL;Plzeò - Zábìlá;Krajskı úøad Plzeòského kraje
2730;CZ0323160;EVL;Pocinovice;Krajskı úøad Plzeòského kraje
2731;CZ0322059;EVL;Pohorsko;Krajskı úøad Plzeòského kraje
5438;CZ0320013;EVL;Prameništì Pøešínského potoka;Krajskı úøad Plzeòského kraje
2732;CZ0323163;EVL;Prùhonskı rybník;Krajskı úøad Plzeòského kraje
2733;CZ0323641;EVL;Pøedslav - kostel;Krajskı úøad Plzeòského kraje
2734;CZ0323161;EVL;Pøešínskı potok;Krajskı úøad Plzeòského kraje
2735;CZ0323162;EVL;Pøeštice - V Hlinkách;Krajskı úøad Plzeòského kraje
2736;CZ0323164;EVL;Rabí;Krajskı úøad Plzeòského kraje
2737;CZ0323165;EVL;Radbuza;Krajskı úøad Plzeòského kraje
2739;CZ0323642;EVL;Radnice - kostel;Krajskı úøad Plzeòského kraje
2740;CZ0323167;EVL;Rokycany - vojenské cvièištì;Krajskı úøad Plzeòského kraje
2741;CZ0323646;EVL;Støíbro - štoly Dlouhı tah;Krajskı úøad Plzeòského kraje
2742;CZ0323169;EVL;Støíbro - vojenské cvièištì;Krajskı úøad Plzeòského kraje
5439;CZ0320437;EVL;Svaté Pole;Krajskı úøad Plzeòského kraje
2743;CZ0323644;EVL;Štola Loreta;Krajskı úøad Plzeòského kraje
2744;CZ0323637;EVL;Štola Rohatiny I;Krajskı úøad Plzeòského kraje
5440;CZ0320022;EVL;Švihovské hvozdy;Krajskı úøad Plzeòského kraje
5441;CZ0324029;EVL;Tìchonická draha;Krajskı úøad Plzeòského kraje
2746;CZ0323478;EVL;Tøebıcinka u Bezdìkova;Krajskı úøad Plzeòského kraje
5442;CZ0324032;EVL;V Morávkách;Krajskı úøad Plzeòského kraje
2747;CZ0322060;EVL;Vlkonice;Krajskı úøad Plzeòského kraje
2748;CZ0323647;EVL;Všeruby - kostel;Krajskı úøad Plzeòského kraje
2749;CZ0323170;EVL;Zlatı potok;Krajskı úøad Plzeòského kraje
2750;CZ0323648;EVL;ihobce - zámek;Krajskı úøad Plzeòského kraje
2509;CZ0213086;EVL;Aglaia;Krajskı úøad Støedoèeského kraje
2510;CZ0214005;EVL;Andìlské schody;Krajskı úøad Støedoèeského kraje
2511;CZ0213600;EVL;Bìlá pod Bezdìzem - zámek;Krajskı úøad Støedoèeského kraje
2512;CZ0213776;EVL;Bezdìèín;Krajskı úøad Støedoèeského kraje
2514;CZ0213777;EVL;Bohostice;Krajskı úøad Støedoèeského kraje
2515;CZ0212001;EVL;Bøezinskı rybník;Krajskı úøad Støedoèeského kraje
2516;CZ0213013;EVL;Bøeznice - Oblouèek;Krajskı úøad Støedoèeského kraje
2518;CZ0214004;EVL;Èernı Orel;Krajskı úøad Støedoèeského kraje
2521;CZ0213015;EVL;Dobøíšskı park;Krajskı úøad Støedoèeského kraje
2522;CZ0213602;EVL;Dobøíšskı zámek;Krajskı úøad Støedoèeského kraje
2523;CZ0213068;EVL;Dolní Sázava;Krajskı úøad Støedoèeského kraje
2524;CZ0214010;EVL;Dománovickı les;Krajskı úøad Støedoèeského kraje
2525;CZ0213017;EVL;Draská Koupì;Krajskı úøad Støedoèeského kraje
2528;CZ0212008;EVL;Hadce u Hrnèíø;Krajskı úøad Støedoèeského kraje
2529;CZ0213784;EVL;Horní a Dolní obdìnickı rybník;Krajskı úøad Støedoèeského kraje
2530;CZ0213785;EVL;Horní solopyskı rybník;Krajskı úøad Støedoèeského kraje
2532;CZ0210010;EVL;Housina;Krajskı úøad Støedoèeského kraje
5339;CZ0210043;EVL;Hradec a Kuchyòka;Krajskı úøad Støedoèeského kraje
2535;CZ0213023;EVL;Hrdlièka - ïánská hora;Krajskı úøad Støedoèeského kraje
2536;CZ0212010;EVL;Hvoïanské Háje;Krajskı úøad Støedoèeského kraje
5340;CZ0210109;EVL;Chlum u Nepøevázky;Krajskı úøad Støedoèeského kraje
2537;CZ0213789;EVL;Jablonná - mokøad;Krajskı úøad Støedoèeského kraje
2539;CZ0213791;EVL;Jezera;Krajskı úøad Støedoèeského kraje
2540;CZ0213601;EVL;Jungmannova škola v Berounì;Krajskı úøad Støedoèeského kraje
2541;CZ0213792;EVL;Kaèina;Krajskı úøad Støedoèeského kraje
5341;CZ0210732;EVL;Kalištì;Krajskı úøad Støedoèeského kraje
5342;CZ0210105;EVL;Kalivodské buèiny;Krajskı úøad Støedoèeského kraje
2542;CZ0213028;EVL;Kalivody;Krajskı úøad Støedoèeského kraje
2543;CZ0213029;EVL;Kalspot;Krajskı úøad Støedoèeského kraje
2544;CZ0214007;EVL;Káranı - Hrbáèkovy tùnì;Krajskı úøad Støedoèeského kraje
2547;CZ0213794;EVL;Kerské rybníèky;Krajskı úøad Støedoèeského kraje
5343;CZ0214044;EVL;Kersko;Krajskı úøad Støedoèeského kraje
2550;CZ0213796;EVL;Kolín - letištì;Krajskı úøad Støedoèeského kraje
5344;CZ0210022;EVL;Kozí hùra;Krajskı úøad Støedoèeského kraje
5345;CZ0210107;EVL;Krnèí a Voleška;Krajskı úøad Støedoèeského kraje
2555;CZ0213038;EVL;Kyšice - Kobyla;Krajskı úøad Støedoèeského kraje
2556;CZ0213039;EVL;Labe - Libìchov;Krajskı úøad Støedoèeského kraje
2558;CZ0213611;EVL;Ledce - hájovna;Krajskı úøad Støedoèeského kraje
2561;CZ0213058;EVL;Lom na Plachtì;Krajskı úøad Støedoèeského kraje
2562;CZ0213042;EVL;Losinskı potok;Krajskı úøad Støedoèeského kraje
2563;CZ0213612;EVL;Louèeò - hotel Jivák;Krajskı úøad Støedoèeského kraje
5346;CZ0210720;EVL;Louèeòské rybníèky;Krajskı úøad Støedoèeského kraje
5347;CZ0210058;EVL;Louky u Budenína;Krajskı úøad Støedoèeského kraje
5348;CZ0214040;EVL;Louky u Drahlína;Krajskı úøad Støedoèeského kraje
5349;CZ0210113;EVL;Louky u rybníka Proudnice;Krajskı úøad Støedoèeského kraje
2564;CZ0210011;EVL;Lounín;Krajskı úøad Støedoèeského kraje
5350;CZ0210714;EVL;Lovické tùnì;Krajskı úøad Støedoèeského kraje
2565;CZ0213613;EVL;Malešov;Krajskı úøad Støedoèeského kraje
5351;CZ0212004;EVL;Malíkovická stráò;Krajskı úøad Støedoèeského kraje
5352;CZ0210719;EVL;Milèice;Krajskı úøad Støedoèeského kraje
2569;CZ0213047;EVL;Minartice;Krajskı úøad Støedoèeského kraje
2570;CZ0213048;EVL;Mydlovarskı luh;Krajskı úøad Støedoèeského kraje
5355;CZ0210044;EVL;Na horách u Køešína;Krajskı úøad Støedoèeského kraje
5356;CZ0210003;EVL;Na pramenech;Krajskı úøad Støedoèeského kraje
5359;CZ0213001;EVL;Novı rybník u Kaèiny;Krajskı úøad Støedoèeského kraje
2571;CZ0213817;EVL;Obecnickı potok;Krajskı úøad Støedoèeského kraje
6037;CZ0212025;EVL;Ostrov u Jedomìlic;Krajskı úøad Støedoèeského kraje
2574;CZ0213051;EVL;Oškobrh;Krajskı úøad Støedoèeského kraje
5361;CZ0210733;EVL;Pahorek u Ledèic;Krajskı úøad Støedoèeského kraje
5362;CZ0210111;EVL;Paterovské stránì;Krajskı úøad Støedoèeského kraje
5364;CZ0210730;EVL;Písèina u Byšièek;Krajskı úøad Støedoèeského kraje
2577;CZ0212023;EVL;Písèina u Tišic;Krajskı úøad Støedoèeského kraje
5365;CZ0214049;EVL;Písèina u Tuhánì;Krajskı úøad Støedoèeského kraje
5366;CZ0210064;EVL;Píseènı pøesyp u Píst;Krajskı úøad Støedoèeského kraje
2581;CZ0210152;EVL;Polabí u Kostelce;Krajskı úøad Støedoèeského kraje
5367;CZ0210713;EVL;Polabské hùry;Krajskı úøad Støedoèeského kraje
2586;CZ0213064;EVL;Romitál pod Tøemšínem;Krajskı úøad Støedoèeského kraje
5372;CZ0213004;EVL;Rybník Starı u Líchov;Krajskı úøad Støedoèeského kraje
5373;CZ0214046;EVL;Rybník Vidlák;Krajskı úøad Støedoèeského kraje
2587;CZ0213066;EVL;Rybník Voèert a Lazy;Krajskı úøad Støedoèeského kraje
2589;CZ0213069;EVL;Sedleèskı potok;Krajskı úøad Støedoèeského kraje
2591;CZ0210173;EVL;Slaná louka u Újezdce;Krajskı úøad Støedoèeského kraje
2592;CZ0213070;EVL;Slánsko - Byseòskı potok;Krajskı úøad Støedoèeského kraje
2594;CZ0213071;EVL;Slavkov;Krajskı úøad Støedoèeského kraje
2595;CZ0212022;EVL;Slepeè;Krajskı úøad Støedoèeského kraje
2596;CZ0213072;EVL;Smeèno;Krajskı úøad Støedoèeského kraje
6038;CZ0210734;EVL;Stránì u Kochánek;Krajskı úøad Støedoèeského kraje
2598;CZ0213077;EVL;Suchdolskı rybník;Krajskı úøad Støedoèeského kraje
2600;CZ0213631;EVL;Svatá Dobrotivá;Krajskı úøad Støedoèeského kraje
5378;CZ0213005;EVL;Šáchovec;Krajskı úøad Støedoèeského kraje
2601;CZ0213076;EVL;Štìpánovskı potok;Krajskı úøad Støedoèeského kraje
2602;CZ0213615;EVL;Štola Jarnice;Krajskı úøad Støedoèeského kraje
2603;CZ0213620;EVL;Štola Moøic;Krajskı úøad Støedoèeského kraje
2606;CZ0213078;EVL;Trhovky;Krajskı úøad Støedoèeského kraje
2607;CZ0213059;EVL;Tøebichovická olšinka;Krajskı úøad Støedoèeského kraje
2608;CZ0213043;EVL;Tøeštibok;Krajskı úøad Støedoèeského kraje
2609;CZ0213629;EVL;Tınecká rotunda;Krajskı úøad Støedoèeského kraje
2610;CZ0213061;EVL;Tınecké mokøiny;Krajskı úøad Støedoèeského kraje
2613;CZ0210186;EVL;Úpor - Èernínovsko;Krajskı úøad Støedoèeského kraje
2614;CZ0213802;EVL;V hladomoøí;Krajskı úøad Støedoèeského kraje
2615;CZ0213006;EVL;Valcha;Krajskı úøad Støedoèeského kraje
2616;CZ0213081;EVL;Vápenické jezero;Krajskı úøad Støedoèeského kraje
5385;CZ0210726;EVL;Vápnomilnı bor u Líského;Krajskı úøad Støedoèeského kraje
2617;CZ0213082;EVL;Velkı Raputovskı rybník;Krajskı úøad Støedoèeského kraje
2618;CZ0213083;EVL;Veltrusy;Krajskı úøad Støedoèeského kraje
2620;CZ0213084;EVL;Vlèkovice - Dubskı rybník;Krajskı úøad Støedoèeského kraje
2621;CZ0210034;EVL;Všetatská èernava;Krajskı úøad Støedoèeského kraje
2624;CZ0213630;EVL;Vysokı Újezd - kostel;Krajskı úøad Støedoèeského kraje
5388;CZ0210029;EVL;Zadní Hrádek;Krajskı úøad Støedoèeského kraje
5389;CZ0213016;EVL;Zákolanskı potok;Krajskı úøad Støedoèeského kraje
2625;CZ0210008;EVL;Zámeckı park Liblice;Krajskı úøad Støedoèeského kraje
5390;CZ0210153;EVL;Zvolská homole;Krajskı úøad Støedoèeského kraje
5392;CZ0210066;EVL;erka;Krajskı úøad Støedoèeského kraje
2788;CZ0424036;EVL;Bìšickı chochol;Krajskı úøad Ústeckého kraje
2790;CZ0424030;EVL;Bezruèovo údolí;Krajskı úøad Ústeckého kraje
5466;CZ0424135;EVL;Bílé stránì u Štìtí;Krajskı úøad Ústeckého kraje
2792;CZ0423201;EVL;Blšanskı chlum;Krajskı úøad Ústeckého kraje
2796;CZ0423203;EVL;Èernovice;Krajskı úøad Ústeckého kraje
5469;CZ0420069;EVL;Dìtanskı chlum;Krajskı úøad Ústeckého kraje
6032;CZ0424139;EVL;Dobøíòskı háj;Krajskı úøad Ústeckého kraje
2800;CZ0423210;EVL;Doubravka;Krajskı úøad Ústeckého kraje
5470;CZ0420044;EVL;Evaòská rokle;Krajskı úøad Ústeckého kraje
5471;CZ0420074;EVL;Grünwaldské vøesovištì;Krajskı úøad Ústeckého kraje
2803;CZ0423211;EVL;Háj u Oseka;Krajskı úøad Ústeckého kraje
5472;CZ0420007;EVL;Holı vrch;Krajskı úøad Ústeckého kraje
2805;CZ0420014;EVL;Hora Øíp;Krajskı úøad Ústeckého kraje
2808;CZ0423213;EVL;Chomutov - zoopark;Krajskı úøad Ústeckého kraje
2812;CZ0423215;EVL;Kateøina - mokøad;Krajskı úøad Ústeckého kraje
5475;CZ0420021;EVL;Kokrháè - Hasištejn;Krajskı úøad Ústeckého kraje
2814;CZ0423216;EVL;Kopistská vısypka;Krajskı úøad Ústeckého kraje
2816;CZ0423217;EVL;Krásnı Dvùr;Krajskı úøad Ústeckého kraje
2819;CZ0423654;EVL;Lobendava - kostel;Krajskı úøad Ústeckého kraje
6033;CZ0424140;EVL;Louek;Krajskı úøad Ústeckého kraje
5480;CZ0420085;EVL;Mokøad pod Terezínskou pevností;Krajskı úøad Ústeckého kraje
5481;CZ0420015;EVL;Myslivna;Krajskı úøad Ústeckého kraje
5482;CZ0420008;EVL;Na Èernèí;Krajskı úøad Ústeckého kraje
5483;CZ0420076;EVL;Na dlouhé stráni;Krajskı úøad Ústeckého kraje
2826;CZ0420035;EVL;Na louèkách;Krajskı úøad Ústeckého kraje
2827;CZ0422081;EVL;Na spáleništi;Krajskı úøad Ústeckého kraje
2830;CZ0423510;EVL;Ohøe;Krajskı úøad Ústeckého kraje
2831;CZ0423223;EVL;Petrohrad;Krajskı úøad Ústeckého kraje
2832;CZ0422084;EVL;Písèiny u Oleška;Krajskı úøad Ústeckého kraje
6034;CZ0424138;EVL;Písteckı les;Krajskı úøad Ústeckého kraje
2834;CZ0420160;EVL;Podmilesy;Krajskı úøad Ústeckého kraje
6035;CZ0423660;EVL;Praská pole;Krajskı úøad Ústeckého kraje
5488;CZ0420053;EVL;Rašeliništì U jezera - Cínovecké rašeliništì;Krajskı úøad Ústeckého kraje
5490;CZ0420041;EVL;Skalky u Tøebutièek;Krajskı úøad Ústeckého kraje
5491;CZ0420525;EVL;Slanisko u Škrle;Krajskı úøad Ústeckého kraje
2838;CZ0422085;EVL;Sobìchlebské terasy;Krajskı úøad Ústeckého kraje
5492;CZ0424134;EVL;Sovice u Brzánek;Krajskı úøad Ústeckého kraje
2839;CZ0423228;EVL;Strádovskı rybník;Krajskı úøad Ústeckého kraje
5494;CZ0420061;EVL;Stránì nad Chomutovkou;Krajskı úøad Ústeckého kraje
5495;CZ0424133;EVL;Stránì nad Suchım potokem;Krajskı úøad Ústeckého kraje
5496;CZ0424136;EVL;Stránì u Drahobuzi;Krajskı úøad Ústeckého kraje
5497;CZ0420059;EVL;Stránì u Velkého Újezdu;Krajskı úøad Ústeckého kraje
5498;CZ0420063;EVL;Stroupeè;Krajskı úøad Ústeckého kraje
6036;CZ0423659;EVL;Svìtlík;Krajskı úøad Ústeckého kraje
2840;CZ0423229;EVL;Údlické Doubí;Krajskı úøad Ústeckého kraje
2841;CZ0420171;EVL;Údolí Haèky;Krajskı úøad Ústeckého kraje
5501;CZ0420073;EVL;Údolí Podbradeckého potoka;Krajskı úøad Ústeckého kraje
2843;CZ0423656;EVL;Úštìk - kostel;Krajskı úøad Ústeckého kraje
5502;CZ0420013;EVL;V hlubokém;Krajskı úøad Ústeckého kraje
2844;CZ0422087;EVL;V kuksu;Krajskı úøad Ústeckého kraje
2845;CZ0420166;EVL;Velkı rybník;Krajskı úøad Ústeckého kraje
5503;CZ0420004;EVL;Vrbka;Krajskı úøad Ústeckého kraje
2847;CZ0423232;EVL;Vrch Hazmburk;Krajskı úøad Ústeckého kraje
2850;CZ0420012;EVL;elinskı meandr;Krajskı úøad Ústeckého kraje
3312;CZ0720013;EVL;Babí hora;Krajskı úøad Zlínského kraje
3315;CZ0723401;EVL;Bøeznice u Zlína;Krajskı úøad Zlínského kraje
3318;CZ0723007;EVL;Èerák;Krajskı úøad Zlínského kraje
5589;CZ0724429;EVL;Hostınské vrchy;Krajskı úøad Zlínského kraje
3322;CZ0723406;EVL;Chvalèov;Krajskı úøad Zlínského kraje
3323;CZ0723012;EVL;Insel;Krajskı úøad Zlínského kraje
3324;CZ0723750;EVL;Jankovice - kostel;Krajskı úøad Zlínského kraje
3325;CZ0724120;EVL;Knìpolskı les;Krajskı úøad Zlínského kraje
3326;CZ0722201;EVL;Kobylí hlava;Krajskı úøad Zlínského kraje
3328;CZ0723813;EVL;Kotrlé;Krajskı úøad Zlínského kraje
3329;CZ0720016;EVL;Kováøùv leb - Obora;Krajskı úøad Zlínského kraje
3330;CZ0723409;EVL;Kurovice - lom;Krajskı úøad Zlínského kraje
3331;CZ0723752;EVL;Lideèko - kostel;Krajskı úøad Zlínského kraje
3332;CZ0723753;EVL;Luhaèovice - zámek;Krajskı úøad Zlínského kraje
3333;CZ0723410;EVL;Mokøad Pumpák;Krajskı úøad Zlínského kraje
3334;CZ0723412;EVL;Mokøad u Slováckıch strojíren;Krajskı úøad Zlínského kraje
3335;CZ0724121;EVL;Nad Jasenkou;Krajskı úøad Zlínského kraje
5591;CZ0720058;EVL;Nad Kašavou;Krajskı úøad Zlínského kraje
3336;CZ0724107;EVL;Nedakonickı les;Krajskı úøad Zlínského kraje
3337;CZ0720190;EVL;Ondøejovsko;Krajskı úøad Zlínského kraje
3338;CZ0723413;EVL;Ovèírka;Krajskı úøad Zlínského kraje
3339;CZ0723415;EVL;Polichno;Krajskı úøad Zlínského kraje
3340;CZ0723414;EVL;Polichno - Pod duby;Krajskı úøad Zlínského kraje
3341;CZ0723416;EVL;Popovické rybníky;Krajskı úøad Zlínského kraje
3342;CZ0723417;EVL;Pozdìchov;Krajskı úøad Zlínského kraje
3343;CZ0723754;EVL;Pozdìchov - kostel;Krajskı úøad Zlínského kraje
3345;CZ0723024;EVL;Rochus;Krajskı úøad Zlínského kraje
3346;CZ0720185;EVL;Rusava - Hoøansko;Krajskı úøad Zlínského kraje
3347;CZ0723755;EVL;Rusava - kostel;Krajskı úøad Zlínského kraje
3348;CZ0720033;EVL;Semetín;Krajskı úøad Zlínského kraje
3349;CZ0723423;EVL;Skalky;Krajskı úøad Zlínského kraje
3352;CZ0723758;EVL;Slušovice - kostel;Krajskı úøad Zlínského kraje
3353;CZ0723424;EVL;Stonáè;Krajskı úøad Zlínského kraje
3354;CZ0723425;EVL;Stránì u Popovic;Krajskı úøad Zlínského kraje
3355;CZ0723426;EVL;Støíovice;Krajskı úøad Zlínského kraje
3356;CZ0723759;EVL;Štola Sintrová;Krajskı úøad Zlínského kraje
3359;CZ0720153;EVL;Troják;Krajskı úøad Zlínského kraje
3360;CZ0723430;EVL;Údolí Bánovského potoka;Krajskı úøad Zlínského kraje
3361;CZ0723020;EVL;Údolí Okluky;Krajskı úøad Zlínského kraje
3362;CZ0723403;EVL;Uhliska;Krajskı úøad Zlínského kraje
3363;CZ0724087;EVL;Újezdeckı les;Krajskı úøad Zlínského kraje
3364;CZ0720192;EVL;Velká Vela;Krajskı úøad Zlínského kraje
2502;CZ0110142;EVL;Blatov a Xaverovskı háj;Magistrát hlavního mìsta Prahy
5330;CZ0110049;EVL;Havránka a Salabka;Magistrát hlavního mìsta Prahy
5331;CZ0110040;EVL;Chuchelské háje;Magistrát hlavního mìsta Prahy
2504;CZ0113002;EVL;Milíèovskı les;Magistrát hlavního mìsta Prahy
2505;CZ0113001;EVL;Obora Hvìzda;Magistrát hlavního mìsta Prahy
2507;CZ0113773;EVL;Praha - Petøín;Magistrát hlavního mìsta Prahy
5333;CZ0110050;EVL;Prokopské údolí;Magistrát hlavního mìsta Prahy
5363;CZ0210721;EVL;Pìnovce u rybníka Lutovník;AOPK ÈR - RP SCHKO Kokoøínsko - Máchùv kraj
2811;CZ0423653;EVL;Jílové u Dìèína - škola;Správa NP Èeské Švıcarsko
2815;CZ0422079;EVL;Královomlınskı rybník;Správa NP Èeské Švıcarsko
2818;CZ0424111;EVL;Labské údolí;Správa NP Èeské Švıcarsko
5478;CZ0420500;EVL;Libouchecké buèiny;Správa NP Èeské Švıcarsko
5485;CZ0420501;EVL;Olšovı potok;Správa NP Èeské Švıcarsko
3392;CZ0620004;EVL;Fládnitzské vøesovištì;Správa NP Podyjí
5570;CZ0620020;EVL;Mašovická støelnice;Správa NP Podyjí
3128;CZ0623360;EVL;Podmolí - strouha;Správa NP Podyjí
3129;CZ0624096;EVL;Podyjí;Správa NP Podyjí
3131;CZ0623788;EVL;Popice - fara;Správa NP Podyjí
3189;CZ0623719;EVL;Vranov nad Dyjí - základní škola;Správa NP Podyjí
2672;CZ0312045;EVL;Polná;AOPK ÈR - RP Jiní Èechy
3227;CZ0714133;EVL;Libavá;AOPK ÈR - RP Olomoucko, Újezdní úøad Libavá
2313;CZ0621027;PO;Soutok-Tvrdonicko;Krajskı úøad Jihomoravského kraje, AOPK ÈR - RP Jiní Morava
2285;CZ0311039;PO;Novohradské hory;AOPK ÈR - RP Jiní Èechy, Krajskı úøad Jihoèeského kraje
2297;CZ0311033;PO;Tøeboòsko;AOPK ÈR - RP Jiní Èechy, Krajskı úøad Jihoèeského kraje
2280;CZ0311035;PO;Øeabinec;AOPK ÈR - RP Jiní Èechy
2284;CZ0621028;PO;Lednické rybníky;AOPK ÈR - RP Jiní Morava
2299;CZ0621029;PO;Pálava;AOPK ÈR - RP Jiní Morava
2283;CZ0521009;PO;Krkonoše;AOPK ÈR - RP Liberecko, Správa KRNAP
2300;CZ0421006;PO;Labské pískovce;AOPK ÈR - RP Liberecko, Krajskı úøad Ústeckého kraje, Správa NP Èeské Švıcarsko
2288;CZ0511008;PO;Jizerské hory;AOPK ÈR - RP Liberecko
2303;CZ0721023;PO;Horní Vsacko;AOPK ÈR - RP Moravskoslezské, Krajskı úøad Zlínského kraje
2304;CZ0811022;PO;Beskydy;AOPK ÈR - RP Moravskoslezské
2312;CZ0811020;PO;Poodøí;AOPK ÈR - RP Moravskoslezské
2282;CZ0711017;PO;Jeseníky;AOPK ÈR - RP Olomoucko
2310;CZ0711018;PO;Litovelské Pomoraví;AOPK ÈR - RP Olomoucko
2308;CZ0621025;PO;Bzenecká Doubrava - Stránické Pomoraví;AOPK ÈR - RP SCHKO Bílé Karpaty, Krajskı úøad Jihomoravského kraje
2276;CZ0211011;PO;ehuòskı rybník - Obora Knìièky;AOPK ÈR - RP SCHKO Kokoøínsko - Máchùv kraj, Krajskı úøad Královéhradeckého kraje, Krajskı úøad Støedoèeského kraje
2281;CZ0511007;PO;Èeskolipsko - Dokeské pískovce a mokøady;AOPK ÈR - RP SCHKO Kokoøínsko - Máchùv kraj
2305;CZ0411002;PO;Doupovské hory;AOPK ÈR - RP SCHKO Slavkovskı les, Krajskı úøad Karlovarského kraje, Krajskı úøad Ústeckého kraje, Ministerstvo ivotního prostøedí, Újezdní úøad Hradištì
2311;CZ0421004;PO;Novodomské rašeliništì - Kováøská;AOPK ÈR - RP SCHKO Slavkovskı les, Krajskı úøad Karlovarského kraje, Krajskı úøad Ústeckého kraje
2301;CZ0211001;PO;Køivoklátsko;AOPK ÈR - RP Støední Èechy
2291;CZ0531012;PO;Bohdaneèskı rybník;AOPK ÈR - RP Vıchodní Èechy
2307;CZ0521014;PO;Broumovsko;AOPK ÈR - RP Vıchodní Èechy
2277;CZ0521015;PO;Orlické Záhoøí;AOPK ÈR - RP Vıchodní Èechy
2306;CZ0311040;PO;Boletice;Krajskı úøad Jihoèeského kraje, Ministerstvo ivotního prostøedí, Správa NP Šumava, Újezdní úøad Boletice
2290;CZ0311034;PO;Údolí Otavy a Vltavy;Krajskı úøad Jihoèeského kraje, Krajskı úøad Støedoèeského kraje
5328;CZ0311037;PO;Èeskobudìjovické rybníky;Krajskı úøad Jihoèeského kraje
5329;CZ0311038;PO;Dehtáø;Krajskı úøad Jihoèeského kraje
2292;CZ0311036;PO;Hlubocké obory;Krajskı úøad Jihoèeského kraje
2279;CZ0621032;PO;Podyjí;Krajskı úøad Jihomoravského kraje, Správa NP Podyjí
2287;CZ0621026;PO;Hovoransko - Èejkovicko;Krajskı úøad Jihomoravského kraje
2286;CZ0621031;PO;Jaroslavické rybníky;Krajskı úøad Jihomoravského kraje
2314;CZ0621030;PO;Støední nádr vodního díla Nové Mlıny;Krajskı úøad Jihomoravského kraje
2289;CZ0211010;PO;Roïalovické rybníky;Krajskı úøad Královéhradeckého kraje, Krajskı úøad Støedoèeského kraje
3412;CZ0811021;PO;Heømanskı stav - Odra - Poolší;Krajskı úøad Moravskoslezského kraje
2302;CZ0711016;PO;Králickı Snìník;Krajskı úøad Olomouckého kraje, Krajskı úøad Pardubického kraje
2296;CZ0531013;PO;Komárov;Krajskı úøad Pardubického kraje
2275;CZ0421003;PO;Nádr vodního díla Nechranice;Krajskı úøad Ústeckého kraje
2315;CZ0421005;PO;Vıchodní Krušné hory;Krajskı úøad Ústeckého kraje
2309;CZ0721024;PO;Hostınské vrchy;Krajskı úøad Zlínského kraje
2278;CZ0711019;PO;Libavá;Ministerstvo ivotního prostøedí, Krajskı úøad Moravskoslezského kraje, Krajskı úøad Olomouckého kraje, Újezdní úøad Libavá
2298;CZ0311041;PO;Šumava;Správa NP Šumava
6274;CZ0417018;PO;Západní Krušné hory;AOPK ÈR - RP SCHKO Slavkovskı les , Krajskı úøad Karlovarského kraje
6275;CZ0317017;EVL;Strákovice;Krajskı úøad Jihoèeského kraje
6276;CZ0427014;EVL;Milešov pod Milešovkou - kostel;AOPK ÈR - RP SCHKO Èeské støedohoøí
6277;CZ0627016;EVL;Paseky;Krajskı úøad Jihomoravského kraje
6278;CZ0717012;EVL;Nové Pole;Krajskı úøad Moravskoslezského kraje
